reading_no;sample_measurement_id;sample_id;site_id;sweref_n;sweref_e;parish;patina;hue;color;material;artefact;type;note;texture;grain_size;layering;topography;homogeneity;inclusion;surface;max_width_mm;max_length_mm;max_height_mm;weight_g;area_mm;sample_size;Bal;Mg;Al;Si;P;S;Cl;K;Ca;V;Cr;Mn;Fe;Co;Ni;Cu;Zn;As;Se;Rb;Sr;Y;Zr;Nb;Mo;Pd;Ag;Cd;Sn;Sb;Ba;Hf;Ta;W;Re;Au;Hg;Ti;Pb;Bi;Th;U
625;6;6;Burtraesk 32;7149885;761582;Burtraesk;No;Light;Gray;Quartzite;Point fragment;Point fragment;;Fine-grained;Porphyroblastic;Non-foliated;Conchoidal;No;Quartz;;15;16;5;1;240;Small;0.0182 ;;21.1261 ;66.6711 ;0.2679 ;0.2787 ;2.1264 ;8.5548 ;0.2860 ;0.0031 ;0.0114 ;0.1809 ;0.0120 ;0.0020 ;;;;;;;;;;;;;;;0.0059 ;0.0022 ;0.2166 ;;;;;;;0.2369 ;;;;
626;7;7;Burtraesk 181;7165076;783785;Burtraesk;Yes;Light;Opaque;Quartz;Point preform;Preform;;Massive;Massive;Non-foliated;Irregular;Yes;;;43;48;;;2064;Large;56.6811 ;;;43.0203 ;;;0.1189 ;0.0440 ;;0.0026 ;;;;;;;;;;;;;;;;;;;;;0.0130 ;;;;;;;0.0035 ;;;;
627;7;7;Burtraesk 181;7165076;783785;Burtraesk;Yes;Light;Opaque;Quartz;Point preform;Preform;;Massive;Massive;Non-foliated;Irregular;Yes;;;43;48;;;2064;Large;56.6811 ;;;43.0203 ;;;0.1189 ;0.0440 ;;0.0026 ;;;;;;;;;;;;;;;;;;;;;0.0130 ;;;;;;;0.0035 ;;;;
628;8;8;;7132482;784349;Bygdeaa;No;Dark;Gray;Quartzite;Point;Point;;Medium-grained;Granoblastic;Non-foliated;Conchoidal;Yes;;Silicon on one side;15;81;;;1215;Medium;58.8628 ;;0.3651 ;39.6596 ;0.0140 ;0.1131 ;0.2788 ;0.3534 ;0.0479 ;;0.0017 ;;0.0317 ;;;;;;;0.0020 ;0.0005 ;0.0004 ;0.0429 ;;;;;;0.0010 ;;0.0180 ;;;;;;;0.0350 ;;;0.0004 ;
629;9;9;;7144375;717871;Degerfors;No;Light;Opaque;Quartz;Point;Point;;Fine-grained;Granoblastic;Non-foliated;Conchoidal;Yes;;;18;42;7;7;756;Medium;57.9039 ;;;41.7182 ;;;0.2717 ;0.0853 ;0.0029 ;;;;0.0042 ;;;;;;;;;;;;;;;;;;0.0100 ;;;;;;;0.0037 ;;;;
630;10;10;;7144375;717871;Degerfors;No;Light;Opaque;Quartzite;Arrow point;Point;;Medium-grained;Granoblastic;Non-foliated;Fine;No;Dark mineral grains;;18;23;6;3;414;Small;55.9783 ;;0.1131 ;43.1192 ;0.0133 ;0.0210 ;0.5432 ;0.1938 ;0.0072 ;;;;0.0036 ;;;;;;;0.0001 ;;;0.0018 ;;;;;;;;0.0029 ;;;;;;;0.0025 ;;;;
631;11;11;;7144375;717871;Degerfors;No;Light;Opaque;Quartzite;Point;Point;;Medium-grained;Granoblastic;Non-foliated;Smooth;Yes;;;12;25;4;2;300;Small;55.6610 ;0.4403 ;0.3407 ;42.9738 ;0.0364 ;0.0571 ;0.3287 ;0.1273 ;0.0105 ;;0.0059 ;;0.0110 ;;;;;;;;;;;;;0.0003 ;;;0.0005 ;;;;;;;;;0.0064 ;;;;
632;12;12;;7144375;717871;Degerfors;No;Light;Opaque;Breccie quartz;Point;Point;;Medium-grained;Granoblastic;Non-foliated;Conchoidal;No;Dark mineral grains;;23;30;6;7;690;Medium;53.2754 ;;0.3912 ;45.6996 ;0.0321 ;0.0938 ;0.1912 ;0.0895 ;0.0143 ;;0.0035 ;;0.0116 ;;;;;;;;;;0.0014 ;;;;;;;;0.0066 ;;;;;;;0.0075 ;;;;
633;13;13;;7144375;717871;Degerfors;No;White;White;Quartzite;Point;Point;;Fine-grained;Granoblastic;Non-foliated;Conchoidal;Yes;;;22;42;7;7;924;Medium;0.0194 ;1.7206 ;2.3156 ;90.1683 ;0.4642 ;0.7399 ;2.5733 ;1.3001 ;0.2403 ;;0.0150 ;0.1448 ;0.0172 ;0.0025 ;;;;;;;;;;;;;;;;;0.1365 ;;;;;;;0.1423 ;;;;
634;14a;14;Degerfors 318;7141879;717255;Degerfors;Yes;White;White;Quartzite;Point preform;Preform;Sample point on quartz surface;Coarse-grained;Porphyroblastic;Non-foliated;Conchoidal;No;Quartz;Quartz in other matrix;37;53;17;30;1961;Medium;61.4037 ;;4.8170 ;32.3578 ;0.1268 ;0.1409 ;0.4920 ;0.2571 ;0.2081 ;0.0005 ;0.0025 ;;0.0439 ;;;;;;;;0.0045 ;0.0019 ;0.0130 ;;;;;;0.0007 ;;0.0160 ;;;;;;;0.0647 ;;;0.0003 ;
635;14b;14;Degerfors 318;7141879;717255;Degerfors;Yes;White;White;Quartzite;Point preform;Preform;Sample point on white matrix;Coarse-grained;Porphyroblastic;Non-foliated;Conchoidal;No;Quartz;Quartz in other matrix;37;53;17;30;1961;Medium;58.6958 ;;4.4129 ;35.5779 ;0.0585 ;0.1356 ;0.4977 ;0.3063 ;0.1590 ;;0.0032 ;;0.0548 ;;;;0.0005 ;;;0.0001 ;0.0034 ;0.0019 ;0.0143 ;;;;;;;;0.0124 ;;;;;;;0.0658 ;;;;
636;15;15;Lycksele 301;7168150;676423;Lycksele;Yes;Light;Opaque;Quartz;Point preform;Preform;;Massive;Massive;Non-foliated;Irregular;Yes;;Iron oxide or dirt;20;34;;;680;Medium;57.2708 ;;0.5451 ;41.6238 ;0.0127 ;;0.1933 ;0.1296 ;0.0299 ;;0.0034 ;;0.0586 ;;;;;;;;;;;;;;;;;;0.0130 ;;;;;;;0.0433 ;;;;
637;16;16;Lycksele 301;7168150;676423;Lycksele;Yes;White;White;Quartz;Point;Point;;Fine-grained;Granoblastic;Non-foliated;Fine;Yes;;Iron oxide or dirt;18;43;;;774;Medium;54.1251 ;;0.4007 ;45.0066 ;;0.1095 ;0.1021 ;0.0641 ;0.0196 ;;;;0.0194 ;;;;;;;;;;;;;;;;0.0005 ;;0.0077 ;;;;;;;0.0190 ;;;;
638;17;17;Lycksele 301;7168150;676423;Lycksele;Yes;Dark;Black;Quartzite;Arrow point fragment;Point fragment;;Medium-grained;Porphyroblastic;Non-foliated;Fine;No;Mineral grains;Iron oxide or dirt;16;35;;;560;Small;53.8805 ;0.3801 ;0.6862 ;44.0952 ;0.0755 ;0.0624 ;0.3164 ;0.1155 ;0.0273 ;;0.0039 ;;0.2594 ;;;;;;;;0.0009 ;;0.0057 ;;;;;;0.0005 ;;0.0023 ;;;;;;;0.0882 ;;;;
639;17b;17;Lycksele 301;7168150;676423;Lycksele;Yes;Dark;Black;Quartzite;Arrow point fragment;Point fragment;Sample point on side with iron oxide;Medium-grained;Porphyroblastic;Non-foliated;Fine;No;Mineral grains;Iron oxide or dirt;16;35;;;560;Small;59.1900 ;0.4494 ;3.3110 ;35.6658 ;0.0747 ;0.0610 ;0.0907 ;0.2759 ;0.1163 ;0.0007 ;0.0034 ;;0.5846 ;;;;;0.0003 ;;0.0002 ;0.0011 ;0.0001 ;0.0097 ;;;;;;;;0.0023 ;;;;;;;0.1629 ;;;;
640;18;18;Lycksele 301;7168150;676423;Lycksele;No;Light;Opaque;Quartzite;Arrow point;Point;;Fine-grained;Granoblastic;Non-foliated;Conchoidal;Yes;;;19;41;;;779;Medium;54.6178 ;;0.1817 ;44.7958 ;0.0178 ;0.0262 ;0.1729 ;0.0586 ;0.0108 ;;0.0027 ;;0.0109 ;;;;;;;;;;;;;;;;;;0.0046 ;;;;;;;0.0065 ;;;;
641;19;19;Lycksele 301;7168150;676423;Lycksele;Yes;Dark;Black;Quartzite;Arrow point;Point;;Medium-grained;Porphyroblastic;Non-foliated;Conchoidal;No;Mineral grains;;14;56;;;784;Medium;54.1323 ;;0.6631 ;43.9662 ;0.0253 ;0.0301 ;0.1290 ;0.3451 ;0.0139 ;0.0019 ;0.0055 ;;0.0713 ;;;;;0.0001 ;;0.0014 ;0.0014 ;;0.0062 ;;;;;;;;0.4562 ;;;;;;;0.0408 ;;;;
642;20;20;Lycksele 301;7168150;676423;Lycksele;Yes;Dark;Black;Quartzite;Point;Point;;Medium-grained;Porphyroblastic;Non-foliated;Fine;No;Bands of quartz;Iron oxide;16;51;;;816;Medium;62.1020 ;;0.3633 ;36.8142 ;0.0192 ;0.0285 ;0.2916 ;0.1049 ;0.0132 ;0.0008 ;0.0028 ;;0.0490 ;;;;;0.0001 ;;0.0003 ;0.0005 ;0.0009 ;0.0479 ;;;;;;;;0.0251 ;;;;;;;0.1354 ;;;0.0003 ;
643;21;21;Lycksele 301;7168150;676423;Lycksele;Yes;White;White;Quartzite;Arrow point;Point;;Fine-grained;Granoblastic;Non-foliated;Fine;Yes;;;17;40;;;680;Medium;56.9437 ;;0.0917 ;42.7782 ;;0.0225 ;0.0833 ;0.0203 ;0.0033 ;;0.0032 ;;0.0044 ;;;;;;;;;;;;;;;;0.0006 ;;0.0051 ;;;;;;;;;;;
644;22;22;Lycksele 401;7182333;648209;Lycksele;No;Dark;Black;Quartzite;Arrow point;Point;;Medium-grained;Granoblastic;Non-foliated;Conchoidal;No;Mineral grains;;22;45;;;990;Medium;57.0985 ;0.3636 ;0.2019 ;41.7793 ;0.0335 ;0.0594 ;0.2830 ;0.0858 ;0.0170 ;;0.0043 ;;0.0540 ;;;;;;;;0.0008 ;;0.0015 ;;;;;;;;0.0114 ;;;;;;;0.0060 ;;;;
645;23;23;Lycksele 401;7182333;648209;Lycksele;No;Light;Opaque;Quartz;Arrow point;Point;;Fine-grained;Granoblastic;Non-foliated;Fine;Yes;;;15;32;;;480;Small;53.5378 ;;;45.9882 ;;;0.2613 ;0.0558 ;0.0029 ;;;;;;;;;;;;;;;;;;;;0.0005 ;;0.0065 ;;;;;;;0.0055 ;;;;
646;24;24;;7295916;573443;Sorsele;No;Light;Opaque;Quartzite;Point;Point;;Fine-grained;Granoblastic;Non-foliated;Fine;Yes;;;15;59;;;885;Medium;60.5494 ;;0.3592 ;37.6443 ;0.0487 ;0.2150 ;0.7840 ;0.2518 ;0.0925 ;;0.0027 ;;0.0234 ;;;;0.0005 ;;;;;;;;;;;;0.0010 ;;0.0077 ;;;;;;;0.0197 ;;;;
647;25;25;Sorsele 282;7245571;623775;Sorsele;No;Dark;Gray;Quartzite;Point preform;Preform;;Medium-grained;Granoblastic;Non-foliated;Conchoidal;Yes;;;38;56;20;33;2128;Large;52.8740 ;;0.2576 ;46.1180 ;0.0168 ;0.0563 ;0.3304 ;0.1085 ;0.0183 ;;0.0032 ;;0.0166 ;;;0.0005 ;;;;0.0006 ;0.0006 ;;0.0112 ;;;;;;;;0.0203 ;;;;;;;0.0379 ;;;0.0001 ;
648;26;26;;7295916;573443;Sorsele;No;Light;Opaque;Quartzite;Point fragment;Point fragment;;Fine-grained;Granoblastic;Non-foliated;Conchoidal;Yes;;;18;50;6;6;900;Medium;;2.3938 ;1.5359 ;89.6703 ;0.3871 ;0.7827 ;3.4685 ;1.1659 ;0.2150 ;;0.0190 ;0.2156 ;0.0097 ;0.0027 ;;;;;;;;;;;;;;;0.0038 ;;0.0779 ;;;;;;;0.0998 ;;;;
649;27;27;;7295916;573443;Sorsele;No;Translucent;Translucent;Quartzite;Point;Point;;Fine-grained;Granoblastic;Non-foliated;Smooth;Yes;;;23;44;6;7;1012;Medium;57.6388 ;;0.0444 ;41.8136 ;0.0143 ;0.0601 ;0.3153 ;0.0845 ;0.0145 ;;0.0060 ;;;;;;;;;;;;;;;;;;;;0.0060 ;;;;;;;0.0024 ;;;;
650;28;28;Sorsele 552;7316830;555778;Sorsele;Yes;Dark;Black;Quartzite;Point;Point;;Medium-grained;Granoblastic;Non-foliated;Smooth;No;Bands of quartz;Iron oxide;15;15;5;2;225;Small;55.9115 ;0.5659 ;0.6486 ;42.1265 ;0.0354 ;0.0543 ;0.2588 ;0.1973 ;0.0637 ;;0.0021 ;;0.0957 ;;;;;;;0.0004 ;0.0007 ;;0.0036 ;;;;;;;;0.0045 ;;;;;;;0.0312 ;;;;
651;29;29;Sorsele 733;7300838;576919;Sorsele;No;Light;Opaque;Quartzite;Point;Point;;Fine-grained;Granoblastic;Non-foliated;Smooth;Yes;;;9;25;5;2;225;Small;53.0020 ;;0.4378 ;45.7982 ;0.0220 ;0.1186 ;0.3271 ;0.1685 ;0.0161 ;;0.0057 ;;0.0021 ;;;;;;;;;;;;;;;;;;;;;;;;;0.0095 ;;;;
652;30;30;;7295916;573443;Sorsele;No;Dark;Gray;Quartzite;Preform;Preform;;Medium-grained;Granoblastic;Non-foliated;Conchoidal;No;Bands of dark mineral;;38;77;20;75;2926;Large;54.5179 ;;0.6511 ;44.0974 ;0.0296 ;0.0751 ;0.2592 ;0.2371 ;0.0307 ;;0.0035 ;;0.0219 ;;;;;;;0.0007 ;0.0003 ;;0.0056 ;;;;;;0.0006 ;;0.0219 ;;;;;;;0.0472 ;;;0.0001 ;
653;31;31;Sorsele 733;7300838;576919;Sorsele;No;Dark;Gray;Quartzite;Point;Point;;Fine-grained;Granoblastic;Non-foliated;Smooth;No;Bands of quartz;;17;31;6;5;527;Small;55.8336 ;0.3442 ;0.5243 ;42.6047 ;0.0242 ;0.0310 ;0.2496 ;0.2354 ;0.0285 ;;0.0031 ;;0.0215 ;;;;;;;0.0006 ;;;0.0152 ;;;;;;;;0.0136 ;;;;;;;0.0705 ;;;0.0002 ;
654;32;32;Sorsele 733;7300838;576919;Sorsele;No;Dark;Black;Quartzite;Point;Point;;Medium-grained;Porphyroblastic;Non-foliated;Conchoidal;No;Mineral grains;;25;55;9;13;1375;Medium;0.0233 ;;2.6854 ;93.6451 ;0.2225 ;0.2790 ;1.4530 ;1.0401 ;0.1474 ;;0.0168 ;0.1751 ;0.0093 ;0.0041 ;;;;;;;;;;;;;;;;;0.1412 ;;;;;;;0.1577 ;;;;
655;33;33;Sorsele 334;7267203;584998;Sorsele;No;Translucent;Translucent;Breccie quartz;Point fragment;Point fragment;;Fine-grained;Granoblastic;Non-foliated;Fine;No;Dark mineral grains;;17;25;;;425;Small;53.7856 ;;0.1985 ;45.5889 ;;0.0562 ;0.2688 ;0.0718 ;0.0110 ;;0.0061 ;;0.0022 ;;;;;;;;;;0.0027 ;;;;;;0.0004 ;;0.0021 ;;;;;;;0.0058 ;;;;
656;34;34;Stensele 83;7216217;605963;Stensele;No;Light;Opaque;Quartzite;Point;Point;;Fine-grained;Granoblastic;Non-foliated;Fine;Yes;;;23;32;8;6;736;Medium;53.5761 ;0.4855 ;0.1231 ;45.4096 ;0.0147 ;0.0463 ;0.2452 ;0.0727 ;0.0109 ;;0.0049 ;;;;;;;;;;;;;;;;;;;;0.0082 ;;;;;;;0.0028 ;;;;
657;35;35;Stensele 481;7223941;592246;Stensele;No;Dark;Black;Quartzite;Arrow point;Point;;Medium-grained;Granoblastic;Non-foliated;Conchoidal;Yes;;;19;30;6;5;570;Small;;1.6138 ;3.0183 ;92.6674 ;0.2225 ;0.2950 ;0.9332 ;0.5244 ;0.1401 ;;0.0161 ;0.1562 ;0.0114 ;0.0027 ;;;;;;;;;;;;;;;;;0.0524 ;;;;;;;0.3872 ;;;;
658;36;36;Stensele 74;7221583;597773;Stensele;No;Light;Opaque;Quartzite;Arrow point;Point;;Fine-grained;Granoblastic;Non-foliated;Fine;Yes;;;19;42;7;6;798;Medium;0.0188 ;2.0681 ;0.4584 ;95.0469 ;;0.2165 ;1.3901 ;0.3597 ;0.1761 ;;0.0098 ;0.1209 ;;0.0044 ;;;;;;;;;;;;;;;;;0.1090 ;;;;;;;0.0212 ;;;;
659;37;37;Stensele 200;7261567;546025;Stensele;No;Light;Opaque;Breccie quartz;Arrow point fragment;Point fragment;;Fine-grained;Granoblastic;Non-foliated;Smooth;No;Dark mineral grains;;20;33;7;6;660;Medium;54.1364 ;0.2345 ;0.0544 ;45.3186 ;;0.0133 ;0.1678 ;0.0475 ;0.0064 ;;0.0047 ;;0.0025 ;;;;;;;;;;0.0016 ;;;;;;0.0007 ;;0.0091 ;;;;;;;0.0024 ;;;;
660;38;38;Stensele 106;7260504;545445;Stensele;Yes;Light;Opaque;Breccie quartz;Arrow point fragment;Point fragment;;Fine-grained;Granoblastic;Non-foliated;Smooth;No;Dark mineral grains;;21;29;5;3;609;Medium;;1.4986 ;0.8657 ;94.7804 ;0.1530 ;0.5172 ;1.3112 ;0.5336 ;0.0482 ;;0.0239 ;0.2114 ;;0.0034 ;;;;;;;;;;;;;;;;;0.0706 ;;;;;;;0.0182 ;;;;
661;39;39;;7096297;752920;Umeaa;No;Light;Opaque;Breccie quartz;Point;Point;;Fine-grained;Granoblastic;Non-foliated;Conchoidal;No;Dark mineral grains;Dirt, modern;20;71;7;;1420;Medium;54.6842 ;0.3018 ;0.1405 ;44.3106 ;0.0144 ;0.0767 ;0.2622 ;0.1114 ;0.0725 ;;;;0.0074 ;;;;0.0052 ;;;;;;0.0008 ;;;;;;;;0.0109 ;;;;;;;0.0013 ;;;;
662;40;40;Umeaa 262;7099908;754073;Umeaa;No;Translucent;Translucent;Quartz;Point;Point;Small object;Massive;Granoblastic;Non-foliated;Irregular;No;Dark mineral grains;;6;15;;;90;Small;45.3932 ;;0.9029 ;52.8747 ;0.1301 ;0.0258 ;0.2157 ;0.2418 ;0.0674 ;;;;0.0856 ;;;;;;;;;;;;;0.0005 ;0.0002 ;0.0009 ;0.0006 ;;;;;;;;;0.0311 ;;;;
663;41;41;Umeaa 510;7108970;753228;Umeaa;No;Dark;Gray;Quartzite;Point;Point;;Fine-grained;Porphyroblastic;Non-foliated;Conchoidal;No;Bands of quartz and mineral grains;;18;46;5;5;828;Medium;;;2.3341 ;93.5067 ;0.1693 ;0.3576 ;2.4347 ;0.7115 ;0.1910 ;;0.0149 ;0.1729 ;0.0118 ;0.0025 ;;;;;;;;;;;;;;;;;0.0381 ;;;;;;;0.0667 ;;;;
664;42;42;;7096297;752920;Umeaa;Yes;Light;Gray;Quartzite;Arrow point;Point;;Medium-grained;Porphyroblastic;Foliation;Conchoidal;No;Mineral grains;Iron oxide;13;51;;;663;Medium;;1.4552 ;28.3179 ;64.8073 ;1.3288 ;0.3479 ;1.7334 ;0.9223 ;0.6571 ;;0.0136 ;0.1427 ;0.0065 ;0.0020 ;;;;;;;;;;;;;;;;;0.0482 ;;;;;;;0.2510 ;;;;
665;42b;42;;7096297;752920;Umeaa;Yes;Light;Gray;Quartzite;Arrow point;Point;Sample point on side with iron oxide;Medium-grained;Porphyroblastic;Foliation;Conchoidal;No;Mineral grains;Iron oxide;13;51;;;663;Medium;;1.4891 ;31.1771 ;56.1097 ;3.1308 ;0.6649 ;2.8053 ;2.3598 ;1.1666 ;0.0080 ;0.0156 ;0.2004 ;0.0096 ;0.0035 ;;;;;;;;;;;;;;;0.0035 ;;;;;;;;;0.8542 ;;;;
666;43;43;;7096297;752920;Umeaa;Yes;Light;Opaque;Breccie quartz;Arrow point;Point;;Fine-grained;Granoblastic;Non-foliated;Fine;No;Dark mineral grains;Dirt;17;56;;;952;Medium;54.3014 ;0.3024 ;0.8265 ;44.0340 ;0.0571 ;0.0738 ;0.1596 ;0.1676 ;0.0133 ;;0.0053 ;;0.0398 ;;;;;;;;;;0.0026 ;;;;;;;;0.0036 ;;;;;;;0.0129 ;;;;
668;44;44;Stensele 75;7221248;598195;Stensele;No;White;White;Quartzite;Point preform;Preform;;Fine-grained;Granoblastic;Non-foliated;Irregular;Yes;;;31;68;18;40;2108;Large;55.5070 ;;0.0942 ;43.9307 ;0.0206 ;0.0840 ;0.1574 ;0.0578 ;0.0122 ;;0.0084 ;;0.0045 ;;;;;;;;;;;;;;;;0.0005 ;;0.0150 ;;;;;;;0.0038 ;;;;
669;45;45;Stensele 271;7216749;599351;Stensele;Yes;Light;Opaque;Quartzite;Point preform;Preform;;Fine-grained;Granoblastic;Non-foliated;Irregular;No;Dark mineral grains;;22;43;9;10;946;Medium;54.1205 ;0.3536 ;0.2660 ;45.0273 ;;0.0245 ;0.1315 ;0.0394 ;0.0112 ;;0.0063 ;;;;;;;;;;0.0005 ;;0.0017 ;;;;;;0.0006 ;;0.0142 ;;;;;;;0.0027 ;;;;
670;46;46;;7096297;752920;Umeaa;No;Light;Opaque;Breccie quartz;Point;Point;;Fine-grained;Granoblastic;Non-foliated;Fine;No;Dark mineral inclusion;;63;184;10;;11592;Large;53.3229 ;0.7975 ;0.4416 ;44.7062 ;0.0340 ;0.1520 ;0.3226 ;0.1349 ;0.0602 ;;0.0019 ;;0.0094 ;;;;0.0008 ;;;;0.0001 ;;0.0038 ;;;;;;0.0005 ;;0.0080 ;;;;;;;0.0036 ;;;;
671;46b;46;;7096297;752920;Umeaa;No;Light;Opaque;Breccie quartz;Point;Point;Sample point on dark mineral inclusion;Fine-grained;Granoblastic;Non-foliated;Fine;No;Dark mineral inclusion;;63;184;10;;11592;Large;;;1.1780 ;93.8792 ;0.0916 ;1.0081 ;1.8409 ;0.6455 ;0.7450 ;0.0091 ;;0.4262 ;;0.0092 ;;;;;;;;;;;;;;;0.0037 ;;0.0673 ;;;;;;;0.1040 ;;;;
672;47;47;;7096297;752920;Umeaa;Yes;Light;Opaque;Breccie quartz;Point preform;Preform;;Fine-grained;Granoblastic;Non-foliated;Conchoidal;No;Dark mineral grains;;61;114;;;6954;Large;57.8197 ;;0.8490 ;40.6581 ;0.0328 ;0.0663 ;0.0708 ;0.2753 ;0.1451 ;;;;0.0214 ;;;;;;;;;;0.0012 ;;;;;;0.0006 ;;0.0158 ;;;;;;;0.0440 ;;;;
674;49;49;;7096297;752920;Umeaa;No;Light;Opaque;Breccie quartz;Arrow point;Point;;Fine-grained;Granoblastic;Non-foliated;Smooth;No;Dark mineral grains;;14;41;;;574;Small;63.9303 ;;1.2905 ;33.9932 ;0.0989 ;0.0494 ;0.2426 ;0.2520 ;0.0300 ;0.0006 ;;;0.0925 ;;;;;;;;0.0004 ;;0.0007 ;;;;;;;;0.0092 ;;;;;;;0.0097 ;;;;
675;50;50;;7096297;752920;Umeaa;No;White;White;Quartzite;Point;Point;;Fine-grained;Granoblastic;Non-foliated;Fine;Yes;;Dirt;15;22;;;330;Small;56.6216 ;;0.3109 ;42.7815 ;;0.0649 ;0.0795 ;0.0700 ;0.0129 ;;0.0315 ;;0.0128 ;;;;;;;0.0001 ;;;;;;;;;;;0.0040 ;;;;;;;0.0103 ;;;;
676;51;51;;7096297;752920;Umeaa;No;Light;Opaque;Breccie quartz;Point;Point;;Fine-grained;Granoblastic;Non-foliated;Smooth;No;Dark mineral grains;Dirt or iron oxide;15;35;;;525;Small;54.3691 ;0.2642 ;0.1445 ;44.9011 ;0.0115 ;0.0098 ;0.1935 ;0.0853 ;0.0076 ;;0.0027 ;;0.0051 ;;;;;;;0.0001 ;;;0.0015 ;;;;;;;;0.0039 ;;;;;;;;;;;
677;52;52;;7099679;730889;Vaennaes;No;Light;Gray;Quartzite;Point;Point;;Fine-grained;Granoblastic;Non-foliated;Conchoidal;No;Bands of dark mineral;Glue and dirt;17;45;7;4;765;Medium;53.6724 ;0.2963 ;1.3187 ;43.2209 ;0.0341 ;0.0953 ;0.2249 ;0.8111 ;0.0501 ;0.0007 ;0.0027 ;;0.0774 ;;;;0.0005 ;;;0.0035 ;0.0009 ;0.0011 ;0.0494 ;;;;;;0.0006 ;;0.0207 ;;;;;;;0.1183 ;;;0.0005 ;
678;53;53;;7099679;730889;Vaennaes;No;Dark;Black;Quartzite;Point preform;Preform;;Fine-grained;Granoblastic;Non-foliated;Conchoidal;Yes;;;32;94;11;37;3008;Large;55.1841 ;0.4238 ;0.2921 ;43.4601 ;0.0158 ;0.0695 ;0.3178 ;0.1525 ;0.0315 ;;0.0033 ;;0.0178 ;;;;;;;0.0004 ;0.0001 ;;0.0017 ;;;;;;;;0.0134 ;;;;;;;0.0163 ;;;;
685;60;60;;7099679;730889;Vaennaes;Yes;Dark;Gray;Quartzite;Point preform;Preform;;Medium-grained;Granoblastic;Non-foliated;Fine;No;Mineral grains;;27;52;9;19;1404;Medium;56.0246 ;;0.7454 ;42.3219 ;0.0301 ;0.0944 ;0.1651 ;0.1743 ;0.0212 ;;0.0034 ;;0.1750 ;;;;0.0014 ;0.0001 ;;0.0007 ;0.0003 ;;0.0111 ;;;;;;0.0007 ;;0.0169 ;;;;;;;0.0288 ;;;;
686;61;61;;7099679;730889;Vaennaes;Yes;Dark;Gray;Quartzite;Point preform;Preform;;Medium-grained;Granoblastic;Non-foliated;Conchoidal;No;Mineral grains;;30;85;12;25;2550;Large;;;5.0611 ;90.1017 ;0.1989 ;0.4048 ;0.8816 ;1.5865 ;0.2821 ;0.0074 ;0.0201 ;0.1570 ;0.0146 ;0.0034 ;;;;;;;;;;;;;;;;;0.2647 ;;;;;;;1.0268 ;;;;
687;62;62;;7099679;730889;Vaennaes;Yes;Dark;Gray;Quartzite;Point preform;Preform;;Medium-grained;Granoblastic;Non-foliated;Conchoidal;No;Mineral grains;;26;100;9;26;2600;Large;56.9803 ;;0.7163 ;41.0805 ;0.0418 ;0.2793 ;0.3211 ;0.2833 ;0.0631 ;;0.0020 ;;0.0760 ;;;;0.0023 ;;;0.0009 ;0.0008 ;0.0001 ;0.0151 ;;;;;;;;0.0169 ;;;;;;;0.0432 ;;;;
688;63;63;;7099679;730889;Vaennaes;Yes;Dark;Gray;Quartzite;Point preform;Preform;;Medium-grained;Porphyroblastic;Non-foliated;Conchoidal;No;Mineral grains;;29;104;11;36;3016;Large;57.1984 ;0.2563 ;0.9369 ;40.6822 ;0.0318 ;0.1338 ;0.2023 ;0.3301 ;0.0487 ;;0.0017 ;;0.0716 ;;;;0.0016 ;;;0.0015 ;0.0002 ;;0.0207 ;;;;;;0.0008 ;;0.0236 ;;;;;;;0.0575 ;;;0.0002 ;
689;64;64;;7099679;730889;Vaennaes;Yes;Dark;Gray;Quartzite;Point preform;Preform;;Medium-grained;Porphyroblastic;Non-foliated;Fine;No;Mineral grains;;27;109;10;30;2943;Large;55.3406 ;0.4796 ;0.8959 ;42.7718 ;0.0270 ;0.0538 ;0.0371 ;0.1864 ;0.0379 ;;0.0014 ;;0.0722 ;;;;0.0009 ;;;0.0009 ;0.0005 ;;0.0158 ;;;;;;;;0.0159 ;;;;;;;0.0621 ;;;0.0002 ;
690;65;65;;7099679;730889;Vaennaes;Yes;Dark;Gray;Quartzite;Point preform;Preform;;Medium-grained;Porphyroblastic;Non-foliated;Conchoidal;No;Mineral grains;Iron oxide;30;101;10;30;3030;Large;58.5933 ;;0.4958 ;40.0691 ;0.0387 ;0.2140 ;0.1995 ;0.2033 ;0.0746 ;;0.0016 ;;0.0324 ;;;;0.0031 ;;;0.0006 ;0.0005 ;;0.0133 ;;;;;;0.0005 ;;0.0219 ;;;;;;;0.0375 ;;;0.0002 ;
691;66;66;;7099679;730889;Vaennaes;Yes;Dark;Gray;Quartzite;Point preform;Preform;;Medium-grained;Granoblastic;Non-foliated;Conchoidal;Yes;;Dark stain;29;90;10;24;2610;Large;0.0156 ;;3.2139 ;94.6110 ;0.2254 ;0.2274 ;0.2784 ;0.7296 ;0.0999 ;;0.0189 ;0.1547 ;0.0130 ;0.0018 ;;;;;;;;;;;;;;;0.0092 ;;0.2184 ;;;;;;;0.1828 ;;;;
692;67;67;;7099679;730889;Vaennaes;Yes;Dark;Gray;Quartzite;Point preform;Preform;;Medium-grained;Granoblastic;Non-foliated;Conchoidal;Yes;;;29;96;9;27;2784;Large;55.9814 ;0.2239 ;0.8679 ;42.0753 ;0.0214 ;0.2084 ;0.1582 ;0.2757 ;0.0603 ;0.0006 ;0.0006 ;;0.0543 ;;;;0.0014 ;;;0.0012 ;0.0006 ;;0.0168 ;;;;;;0.0005 ;;0.0170 ;;;;;;;0.0343 ;;;0.0001 ;
693;68;68;;7099679;730889;Vaennaes;Yes;Dark;Gray;Quartzite;Point preform;Preform;;Medium-grained;Porphyroblastic;Non-foliated;Conchoidal;No;Mineral grains;;29;92;9;23;2668;Large;54.3380 ;0.7905 ;1.2831 ;43.0190 ;0.0400 ;0.0726 ;0.0348 ;0.2132 ;0.0422 ;;0.0031 ;;0.0734 ;;;;0.0011 ;;;0.0010 ;0.0004 ;;0.0194 ;;;;;;;;0.0167 ;;;;;;;0.0513 ;;;0.0002 ;
694;69;69;;7099679;730889;Vaennaes;Yes;Dark;Gray;Quartzite;Point preform;Preform;;Medium-grained;Porphyroblastic;Non-foliated;Conchoidal;No;Mineral grains;Iron oxide;32;72;12;26;2304;Large;54.1702 ;0.3919 ;1.1065 ;43.7284 ;0.0614 ;0.0790 ;0.0884 ;0.1612 ;0.0341 ;;0.0034 ;;0.0960 ;;;;0.0015 ;;;0.0007 ;0.0007 ;;0.0141 ;;;;;;0.0007 ;;0.0200 ;;;;;;;0.0417 ;;;;
695;70;70;;7099679;730889;Vaennaes;Yes;Light;Gray;Quartzite;Point preform;Preform;;Medium-grained;Granoblastic;Non-foliated;Conchoidal;Yes;;;27;93;10;26;2511;Large;55.4778 ;0.3981 ;1.7389 ;41.7416 ;0.0638 ;0.0694 ;0.0159 ;0.3529 ;0.0250 ;;0.0022 ;;0.0740 ;;;;0.0007 ;;;0.0009 ;0.0018 ;;0.0020 ;;;;;;0.0005 ;;0.0221 ;;;;;;;0.0125 ;;;;
696;71;71;;7099679;730889;Vaennaes;Yes;Light;Gray;Quartzite;Point preform;Preform;;Medium-grained;Porphyroblastic;Non-foliated;Conchoidal;No;Mineral grains;Iron oxide;30;98;11;31;2940;Large;54.0827 ;0.3549 ;0.7533 ;44.2222 ;0.0343 ;0.1372 ;0.0804 ;0.1772 ;0.0208 ;;0.0039 ;;0.0416 ;;;;0.0018 ;;;0.0007 ;0.0006 ;;0.0248 ;;;;;;0.0006 ;;0.0176 ;;;;;;;0.0452 ;;;0.0002 ;
697;72;72;;7099679;730889;Vaennaes;Yes;Dark;Gray;Quartzite;Point preform;Preform;;Medium-grained;Granoblastic;Non-foliated;Conchoidal;No;Mineral grains;Iron oxide;32;93;11;32;2976;Large;58.7066 ;;1.3724 ;38.6133 ;0.0659 ;0.3971 ;0.0951 ;0.3959 ;0.1057 ;0.0007 ;0.0034 ;;0.1253 ;;;;0.0022 ;;;0.0019 ;0.0013 ;;0.0042 ;;;;;;;;0.0833 ;;;;;;;0.0260 ;;;;
698;73;73;;7099679;730889;Vaennaes;Yes;Dark;Gray;Quartzite;Point preform;Preform;;Medium-grained;Granoblastic;Non-foliated;Conchoidal;No;Mineral grains;;37;116;11;46;4292;Large;59.9642 ;;1.0538 ;37.9274 ;0.0490 ;0.2520 ;0.0363 ;0.2361 ;0.0595 ;0.0012 ;0.0007 ;;0.1220 ;;;0.0007 ;0.0077 ;0.0002 ;;0.0011 ;0.0002 ;0.0001 ;0.0272 ;;;;;;0.0007 ;;0.0214 ;;;;;;;0.0794 ;;;0.0002 ;
699;74;74;;7099679;730889;Vaennaes;Yes;Dark;Gray;Quartzite;Point preform;Preform;;Medium-grained;Granoblastic;Non-foliated;Conchoidal;No;Dark mineral inclusion;;30;96;12;35;2880;Large;0.0265 ;;3.3423 ;88.5919 ;0.2720 ;2.4874 ;2.2720 ;1.7494 ;0.5255 ;;0.0105 ;0.2290 ;0.0055 ;0.0039 ;;;;;;;;;;;;;;;0.0097 ;;0.3358 ;;;;;;;0.1386 ;;;;
700;75;75;;7099679;730889;Vaennaes;Yes;Dark;Gray;Quartzite;Point preform;Preform;;Medium-grained;Granoblastic;Non-foliated;Conchoidal;No;Dark mineral inclusion;;30;82;10;23;2460;Large;63.5808 ;;0.7457 ;35.0935 ;0.0252 ;0.0599 ;0.0769 ;0.1979 ;0.0285 ;0.0012 ;0.0010 ;;0.0863 ;;;;0.0021 ;;;0.0015 ;0.0002 ;;0.0133 ;;;;;;0.0010 ;;0.0422 ;;;;;;;0.0426 ;;;0.0002 ;
701;76;76;;7099679;730889;Vaennaes;Yes;Dark;Gray;Quartzite;Point preform;Preform;;Medium-grained;Granoblastic;Non-foliated;Conchoidal;Yes;;Iron oxide;29;105;11;32;3045;Large;59.8680 ;;0.6258 ;38.3064 ;0.0939 ;0.3752 ;0.1675 ;0.2608 ;0.0335 ;;0.0035 ;;0.1590 ;;;;0.0037 ;0.0003 ;;0.0008 ;0.0004 ;;0.0198 ;;;;;;0.0008 ;;0.0291 ;;;;;;;0.0508 ;0.0008 ;;;
702;77;77;;7099679;730889;Vaennaes;Yes;Dark;Gray;Quartzite;Point preform;Preform;;Medium-grained;Granoblastic;Non-foliated;Conchoidal;Yes;;Iron oxide;30;120;10;40;3600;Large;53.9155 ;0.3575 ;0.8294 ;44.4174 ;0.0275 ;0.1000 ;0.0822 ;0.1282 ;0.0240 ;;0.0033 ;;0.0476 ;;;;0.0020 ;;;0.0007 ;0.0003 ;;0.0123 ;;;;;;;;0.0190 ;;;;;;;0.0329 ;;;0.0001 ;
703;78a;78;;7099679;730889;Vaennaes;No;Dark;Gray streaked with black;Quartzite;Point preform;Preform;;Fine-grained;Granoblastic;Non-foliated;Conchoidal;No;Dark mineral inclusion;;25;117;9;29;2925;Large;57.3463 ;;1.2832 ;40.3740 ;0.0480 ;0.1656 ;0.1964 ;0.4132 ;0.0800 ;;0.0005 ;;0.0566 ;;;;0.0023 ;;;0.0007 ;0.0022 ;;0.0032 ;;;;;;0.0004 ;;0.0152 ;;;;;;;0.0120 ;;;0.0002 ;
704;78b;78;;7099679;730889;Vaennaes;No;Dark;Gray streaked with black;Quartzite;Point preform;Preform;Sample point on dark mineral inclusion;Fine-grained;Granoblastic;Non-foliated;Conchoidal;No;Dark mineral inclusion;;25;117;9;29;2925;Large;0.0277 ;1.2155 ;5.9459 ;89.3155 ;0.2645 ;0.4201 ;1.0024 ;1.1645 ;0.2161 ;;0.0131 ;0.1931 ;0.0054 ;0.0034 ;;;;;;;;;;;;;;;0.0034 ;;0.1574 ;;;;;;;0.0521 ;;;;
705;79;79;;7099679;730889;Vaennaes;Yes;Dark;Gray;Quartzite;Point preform;Preform;;Medium-grained;Granoblastic;Non-foliated;Conchoidal;No;Mineral grains;;26;56;10;13;1456;Medium;54.4382 ;0.3309 ;0.4508 ;44.3112 ;0.0204 ;0.0562 ;0.0684 ;0.1534 ;0.0190 ;;0.0018 ;;0.0592 ;;;;0.0010 ;;;0.0006 ;0.0004 ;;0.0126 ;;;;;;0.0006 ;;0.0166 ;;;;;;;0.0585 ;;;;
706;80;80;;7099679;730889;Vaennaes;Yes;Dark;Gray;Quartzite;Point preform;Preform;;Medium-grained;Granoblastic;Non-foliated;Conchoidal;No;Dark mineral inclusion;;30;54;11;19;1620;Medium;55.8398 ;;0.6545 ;42.8046 ;0.0307 ;0.3116 ;0.0224 ;0.1009 ;0.0179 ;;0.0035 ;;0.0551 ;;;;0.0115 ;0.0001 ;;0.0005 ;0.0004 ;;0.0055 ;;;;;;;;0.0159 ;;;;;;;0.0306 ;;;;
707;81;81;;7099679;730889;Vaennaes;Yes;Dark;Gray;Quartzite;Point preform;Preform;;Medium-grained;Granoblastic;Non-foliated;Conchoidal;No;Mineral grains;;30;93;10;28;2790;Large;55.1829 ;;0.7826 ;43.5297 ;0.0455 ;0.1502 ;0.0149 ;0.1123 ;0.0458 ;;0.0044 ;;0.0585 ;;;;0.0108 ;0.0003 ;;0.0003 ;0.0003 ;;0.0096 ;;;;;;0.0005 ;;0.0166 ;;;;;;;0.0348 ;;;;
708;82;82;;7099679;730889;Vaennaes;Yes;Dark;Gray;Quartzite;Point preform;Preform;;Medium-grained;Granoblastic;Non-foliated;Conchoidal;Yes;;;32;53;11;23;1696;Medium;54.7351 ;;0.8646 ;43.6180 ;0.0565 ;0.0565 ;0.0656 ;0.1635 ;0.0376 ;0.0005 ;0.0033 ;;0.0704 ;;;;0.0007 ;;;0.0010 ;0.0003 ;0.0002 ;0.0280 ;;;;;;0.0012 ;;0.0265 ;;;;;;;0.0644 ;;;0.0002 ;
709;83;83;;7099679;730889;Vaennaes;Yes;Dark;Gray;Quartzite;Point preform;Preform;;Medium-grained;Granoblastic;Non-foliated;Conchoidal;No;Mineral grains;Iron oxide;28;81;10;24;2268;Large;;;5.4308 ;88.7660 ;0.4217 ;1.1636 ;0.7176 ;1.3459 ;0.8265 ;0.0077 ;0.0241 ;0.1761 ;0.0111 ;0.0043 ;;;;;;;;;;;;;;;0.0083 ;;0.2027 ;;;;;;;0.8999 ;;;;
710;84;84;;7099679;730889;Vaennaes;Yes;Dark;Gray;Quartzite;Point preform;Preform;;Medium-grained;Granoblastic;Non-foliated;Conchoidal;Yes;;;25;91;10;21;2275;Large;56.3457 ;0.2837 ;1.7271 ;40.6472 ;0.0478 ;0.1187 ;0.1334 ;0.3658 ;0.0915 ;;0.0054 ;;0.1269 ;;;;0.0027 ;;;0.0014 ;0.0007 ;0.0003 ;0.0243 ;;;;;;0.0008 ;;0.0227 ;;;;;;;0.0536 ;;;0.0002 ;
711;85;85;;7099679;730889;Vaennaes;Yes;Dark;Gray;Quartzite;Point preform;Preform;;Medium-grained;Granoblastic;Non-foliated;Conchoidal;No;Dark mineral inclusion;;32;94;11;34;3008;Large;0.0263 ;1.5887 ;2.9858 ;91.5760 ;0.2927 ;0.7855 ;0.7977 ;0.9577 ;0.3200 ;;0.0137 ;0.1984 ;0.0081 ;0.0021 ;;;;;;;;;;;;;;;;;0.2890 ;;;;;;;0.1584 ;;;;
948;286;286;Taerna 34;7316753;502381;Taerna;Yes;Light;Opaque;Breccie quartz;Point preform;Preform;;Fine-grained;Granoblastic;Non-foliated;Conchoidal;No;Dark mineral grains;;42;54;13;31;2268;Large;56.8579 ;0.3084 ;1.7308 ;40.5421 ;0.0192 ;0.0124 ;;0.2369 ;0.1174 ;;;;0.0989 ;;;;;;;;0.0007 ;0.0001 ;0.0029 ;;;;;;0.0009 ;;0.0131 ;;;;;;;0.0583 ;;;;
950;288;288;Taerna 594;7327983;491179;Taerna;Yes;Light;Opaque;Breccie quartz;Point preform;Preform;;Fine-grained;Granoblastic;Non-foliated;Conchoidal;No;Dark mineral grains;;39;77;22;57;3003;Large;0.0247 ;2.3436 ;2.5497 ;93.9328 ;0.0680 ;0.0994 ;0.2620 ;0.2525 ;0.0624 ;;0.0190 ;0.1757 ;;0.0041 ;;;;;;;;;;;;;;;0.0063 ;;0.1514 ;;;;;;;0.0481 ;;;;
951;289;289;Taerna 14;7325955;493928;Taerna;No;Light;Opaque;Breccie quartz;Point preform;Preform;;Fine-grained;Granoblastic;Non-foliated;Fine;No;Dark mineral grains;;29;68;7;17;1972;Medium;57.4466 ;;0.1548 ;42.2883 ;;;0.0338 ;0.0257 ;0.0148 ;;;;0.0105 ;;;;;;;;;;0.0017 ;;;;;;0.0006 ;;0.0104 ;;;;;;;0.0081 ;;;;
952;290;290;Taerna 34;7316753;502381;Taerna;Yes;Light;Opaque;Breccie quartz;Point preform;Preform;;Fine-grained;Granoblastic;Non-foliated;Conchoidal;No;Dark mineral grains;Iron oxide;28;43;7;10;1204;Medium;55.9119 ;0.4587 ;0.6236 ;42.5947 ;0.0126 ;0.0448 ;0.1643 ;0.0749 ;0.0589 ;0.0003 ;;;0.0280 ;;;;;;;;0.0004 ;;0.0013 ;;;;;;;;0.0066 ;;;;;;;0.0189 ;;;;
953;291;291;Taerna 34;7316753;502381;Taerna;Yes;Light;Opaque;Breccie quartz;Point preform;Preform;;Fine-grained;Granoblastic;Non-foliated;Conchoidal;No;Dark mineral grains;;36;27;9;11;972;Medium;55.2993 ;0.4261 ;0.9647 ;42.8886 ;0.0107 ;0.0603 ;0.0592 ;0.1159 ;0.0888 ;;0.0042 ;;0.0433 ;;;;;;;;0.0008 ;;0.0026 ;;;;;;;;0.0097 ;;;;;;;0.0259 ;;;;
955;293;293;Taerna 39;7315331;500907;Taerna;Yes;Light;Opaque;Breccie quartz;Point preform;Preform;;Fine-grained;Granoblastic;Non-foliated;Conchoidal;No;Dark mineral grains;;38;65;14;31;2470;Large;56.5557 ;;0.8850 ;42.1777 ;0.0291 ;0.0320 ;0.0509 ;0.1762 ;0.0310 ;;;;0.0371 ;;;;;;;0.0001 ;;;0.0015 ;;;;;;0.0007 ;;0.0087 ;;;;;;;0.0143 ;;;;
956;294;294;;7285986;509493;Taerna;No;Light;Opaque;Breccie quartz;Point preform;Preform;;Fine-grained;Granoblastic;Non-foliated;Conchoidal;Yes;;;31;61;14;27;1891;Medium;0.0240 ;;2.7447 ;95.1577 ;0.0920 ;0.1622 ;0.3557 ;0.7289 ;0.1554 ;;0.0186 ;0.1895 ;;0.0038 ;;;;;;;;;;;;;;;0.0055 ;;0.2331 ;;;;;;;0.1288 ;;;;
957;295;295;Taerna 549;7324575;493441;Taerna;Yes;Light;Opaque;Breccie quartz;Arrow point preform;Preform;;Fine-grained;Granoblastic;Non-foliated;Conchoidal;No;Dark mineral grains;;25;42;6;9;1050;Medium;59.6947 ;;0.5041 ;39.2396 ;;0.0489 ;0.0306 ;0.0691 ;0.3386 ;;0.0034 ;;0.0387 ;;;;;;;;;;0.0020 ;;;;;;;;0.0109 ;;;;;;;0.0195 ;;;;
958;296;296;Taerna 549;7324575;493441;Taerna;No;Light;Opaque;Breccie quartz;Point preform;Preform;;Fine-grained;Granoblastic;Non-foliated;Conchoidal;No;Bands of dark mineral;;35;44;10;14;1540;Medium;0.0267 ;;2.9398 ;95.1199 ;0.1018 ;0.1130 ;0.3285 ;0.6558 ;0.1394 ;;;0.2177 ;0.0108 ;0.0011 ;;;;;;;;;;;;;;;0.0060 ;;0.2476 ;;;;;;;0.0917 ;;;;
959;297;297;Taerna 549;7324575;493441;Taerna;No;Light;Opaque;Breccie quartz;Point preform;Preform;;Fine-grained;Granoblastic;Non-foliated;Conchoidal;No;Dark mineral grains;;19;31;12;3;589;Small;55.4035 ;;0.5450 ;43.7443 ;0.0097 ;0.0532 ;0.0378 ;0.1451 ;0.0169 ;;;;0.0234 ;;;;;;;0.0003 ;0.0017 ;;0.0019 ;;;;;;0.0007 ;;0.0105 ;;;;;;;0.0060 ;;;;
960;298;298;Taerna 610;7315998;501779;Taerna;Yes;Light;Opaque;Breccie quartz;Point preform;Preform;;Fine-grained;Granoblastic;Non-foliated;Fine;No;Dark mineral grains;;62;98;24;178;6076;Large;57.2274 ;0.2513 ;0.7340 ;41.4902 ;0.0142 ;0.0482 ;0.0116 ;0.1216 ;0.0314 ;;0.0018 ;;0.0421 ;;;;;;;;;;0.0007 ;;;;;;0.0008 ;;0.0164 ;;;;;;;0.0083 ;;;;
961;299;299;Taerna 594;7327983;491179;Taerna;Yes;Light;Opaque;Breccie quartz;Point preform;Preform;;Fine-grained;Granoblastic;Non-foliated;Conchoidal;No;Dark mineral grains;;38;59;12;27;2242;Large;62.0155 ;;1.4010 ;35.8450 ;0.0131 ;0.0387 ;;0.3240 ;0.0881 ;;0.0034 ;;0.1937 ;;;;;;;0.0001 ;0.0005 ;;0.0037 ;;;;;;;;0.0180 ;;;;;;;0.0554 ;;;;
962;300;300;Taerna 37;7315883;501589;Taerna;No;Light;Opaque;Breccie quartz;Point preform;Preform;;Fine-grained;Granoblastic;Non-foliated;Conchoidal;No;Dark mineral grains;;29;44;10;13;1276;Medium;54.4055 ;0.7090 ;0.7568 ;43.7303 ;0.0200 ;0.0550 ;0.0581 ;0.1508 ;0.0565 ;;;;0.0340 ;;;;;;;0.0003 ;;;0.0020 ;;;;;;;;0.0100 ;;;;;;;0.0118 ;;;;
963;301;301;Taerna 549;7324575;493441;Taerna;No;Translucent;Translucent;Breccie quartz;Arrow point;Point;;Fine-grained;Porphyroblastic;Non-foliated;Fine;No;Dark mineral grains and bands of quartz;;23;25;6;4;575;Small;54.1613 ;0.4321 ;0.2106 ;45.0272 ;;0.0249 ;0.0900 ;0.0331 ;0.0139 ;0.0015 ;;;;;;;;;;;;;;;;;;;;;0.0054 ;;;;;;;;;;;
964;302;302;Taerna 593;7328100;491305;Taerna;Yes;Light;Opaque;Breccie quartz;Point preform;Preform;;Fine-grained;Granoblastic;Non-foliated;Fine;No;Dark mineral grains;;27;58;;;1566;Medium;54.9997 ;0.3336 ;0.5036 ;43.7116 ;0.0145 ;0.0538 ;0.1976 ;0.0871 ;0.0335 ;0.0004 ;0.0013 ;;0.0245 ;;;;;;;0.0001 ;;;0.0023 ;;;;;;;;0.0130 ;;;;;;;0.0234 ;;;;
965;303;303;;7285986;509493;Taerna;No;Light;Opaque;Breccie quartz;Point preform;Preform;;Fine-grained;Granoblastic;Non-foliated;Fine;No;Dark mineral grains;;23;57;11;11;1311;Medium;57.4843 ;;0.3921 ;41.7021 ;0.0194 ;0.0442 ;0.1410 ;0.0767 ;0.0167 ;;;;0.0334 ;;;;;;;;;;0.0017 ;;;;;;0.0006 ;;0.0156 ;;;;;;;0.0045 ;;;;
966;304;304;Taerna 549;7324575;493441;Taerna;No;Light;Opaque;Breccie quartz;Arrow point;Point;;Fine-grained;Granoblastic;Non-foliated;Fine;No;Dark mineral grains;;16;37;6;5;592;Small;53.8148 ;;0.4385 ;45.5401 ;0.0095 ;0.0264 ;0.0526 ;0.0562 ;0.0135 ;0.0003 ;0.0033 ;;0.0219 ;;;;;;;0.0001 ;0.0006 ;;0.0036 ;;;;;;0.0007 ;;0.0067 ;;;;;;;0.0114 ;;;;
967;305;305;Taerna 565;7327215;481201;Taerna;No;Light;Opaque;Breccie quartz;Point preform;Preform;;Fine-grained;Granoblastic;Non-foliated;Conchoidal;No;Dark mineral grains;;52;75;28;90;3900;Large;53.5907 ;;0.2320 ;45.7141 ;0.0125 ;0.0696 ;0.0925 ;0.0576 ;0.0238 ;;0.0016 ;;0.0051 ;;;;;;;0.0002 ;;;0.0042 ;;;;;;0.0007 ;;0.0157 ;;;;;;;0.0066 ;;;;
968;306;306;;7285986;509493;Taerna;Yes;Light;Opaque;Breccie quartz;Point;Point;;Fine-grained;Granoblastic;Non-foliated;Conchoidal;No;Dark mineral grains;;23;115;;;2645;Large;58.1726 ;;0.4591 ;40.7297 ;0.0383 ;0.1179 ;0.2188 ;0.1629 ;0.0442 ;;;;0.0346 ;;;;;;;;0.0002 ;;0.0029 ;;;;;;0.0006 ;;0.0125 ;;;;;;;0.0058 ;;;;
969;307;307;Taerna 656;7331934;479565;Taerna;Yes;Light;Opaque;Breccie quartz;Point preform;Preform;;Medium-grained;Granoblastic;Non-foliated;Conchoidal;No;Bands of dark mineral;Iron oxide;66;165;36;430;10890;Large;55.2546 ;;0.2272 ;44.0251 ;0.0129 ;0.0673 ;0.1228 ;0.0869 ;0.0128 ;;0.0024 ;;0.0153 ;;;;;;;;0.0001 ;;0.0019 ;;;;;;0.0008 ;;0.0156 ;;;;;;;0.0045 ;;;;
972;309;309;Taerna 610;7315998;501779;Taerna;No;Light;Opaque;Breccie quartz;Point preform;Preform;;Medium-grained;Granoblastic;Non-foliated;Fine;No;Dark mineral inclusion;;23;61;7;11;1403;Medium;57.3522 ;;0.3281 ;41.8596 ;;0.0168 ;0.0915 ;0.1762 ;0.0098 ;;0.0044 ;;0.0405 ;;;;;;;0.0004 ;;;0.0021 ;;;;;;0.0005 ;;0.0133 ;;;;;;;0.0125 ;;;;
973;310;310;Taerna 610;7315998;501779;Taerna;No;Light;Opaque;Breccie quartz;Point preform;Preform;;Medium-grained;Granoblastic;Non-foliated;Fine;No;Dark mineral grains;;27;72;12;23;1944;Medium;0.0176 ;1.2666 ;2.9958 ;93.5754 ;0.1918 ;0.3129 ;0.2578 ;0.5494 ;0.2435 ;;0.0438 ;0.1348 ;0.0149 ;0.0047 ;;;;;;;;;;;;;;;0.0048 ;;0.1704 ;;;;;;;0.2159 ;;;;
974;311;311;Taerna 549;7324575;493441;Taerna;No;Translucent;Translucent;Breccie quartz;Point preform;Preform;;Fine-grained;Granoblastic;Non-foliated;Fine;No;Dark mineral grains;;32;34;7;8;1088;Medium;55.5013 ;;0.2918 ;44.0883 ;0.0111 ;0.0456 ;;0.0241 ;0.0170 ;;0.0051 ;;0.0024 ;;;;;;;;0.0008 ;;0.0023 ;;;;;;;;0.0065 ;;;;;;;0.0038 ;;;;
975;312;312;;7285986;509493;Taerna;No;Translucent;Translucent;Breccie quartz;Arrow point;Point;;Fine-grained;Granoblastic;Non-foliated;Fine;No;Dark mineral grains;;19;30;5;2;570;Small;56.9595 ;;0.5782 ;42.1189 ;0.0376 ;0.0550 ;;0.0659 ;0.0438 ;;0.0053 ;;0.0188 ;;;;;;;;0.0006 ;;0.0025 ;;;;;;;;;;;;;;;0.0038 ;;;;
976;313;313;Taerna 549;7324575;493441;Taerna;No;Light;Opaque;Breccie quartz;Arrow point;Point;;Fine-grained;Granoblastic;Non-foliated;Conchoidal;No;Dark mineral grains;;28;50;8;14;1400;Medium;55.8233 ;;0.1489 ;43.4913 ;0.0138 ;0.0537 ;0.1150 ;0.0371 ;0.0159 ;;0.0040 ;;0.0719 ;;;;;;;;;;0.0013 ;;;;;;;;0.0116 ;;;;;;;0.0076 ;;;;
978;315;315;;7285986;509493;Taerna;No;Light;Opaque;Breccie quartz;Preform;Preform;;Fine-grained;Granoblastic;Non-foliated;Conchoidal;No;Dark mineral grains;;31;103;25;72;3193;Large;59.3374 ;;0.4227 ;39.7820 ;0.0130 ;0.0636 ;0.1548 ;0.1348 ;0.0224 ;;0.0081 ;;0.0261 ;;;;;;;;;;0.0013 ;;;;;;0.0007 ;;0.0188 ;;;;;;;0.0143 ;;;;
979;316;316;Taerna 594;7327983;491179;Taerna;Yes;Light;Opaque;Breccie quartz;Point preform;Preform;;Fine-grained;Granoblastic;Non-foliated;Conchoidal;No;Dark mineral grains;;41;84;23;63;3444;Large;55.8795 ;0.4044 ;0.3136 ;43.2549 ;;0.0290 ;0.0214 ;0.0358 ;0.0278 ;;0.0008 ;;0.0125 ;;;;;;;;0.0003 ;;0.0029 ;;;;;;;;0.0138 ;;;;;;;0.0033 ;;;;
980;318;318;Taerna 89;7290912;508697;Taerna;Yes;Translucent;Translucent;Quartzite;Point preform;Preform;;Fine-grained;Granoblastic;Non-foliated;Smooth;Yes;;;22;47;;;1034;Medium;58.7351 ;;0.7581 ;39.7055 ;0.0315 ;0.1025 ;0.2379 ;0.1679 ;0.0481 ;;0.0007 ;;0.0686 ;;;;;;;;;;;;;;;;;;0.0109 ;;;;;;;0.0203 ;;;;
981;319;319;;7285986;509493;Taerna;No;Light;Opaque;Breccie quartzite;Point preform;Preform;;Fine-grained;Granoblastic;Non-foliated;Smooth;No;Dark mineral inclusion;;29;48;;;1392;Medium;0.0315 ;;0.3307 ;98.3419 ;0.1184 ;0.1836 ;0.3364 ;0.2280 ;0.0293 ;;0.0297 ;0.1846 ;0.0072 ;0.0083 ;;;;;;;;;;;;;;;;;0.1393 ;;;;;;;0.0312 ;;;;
1002;339;339;Lycksele 335;7166887;677056;Lycksele;No;White;White;Quartzite;Point preform;Preform;;Fine-grained;Granoblastic;Non-foliated;Irregular;Yes;;;25;63;;;1575;Medium;58.9986 ;;0.2396 ;40.2369 ;0.0434 ;0.0198 ;0.1670 ;0.0602 ;0.0303 ;;;;0.0323 ;;;;;;;;;;;;;;;;0.0005 ;;0.0123 ;;;;;;;0.0052 ;;;;
1003;343;343;;7172386;663884;Lycksele;Yes;Dark;Black;Quartzite;Preform;Preform;;Medium-grained;Granoblastic;Non-foliated;Conchoidal;Yes;;;30;70;;;2100;Large;62.5580 ;;;37.0284 ;;0.0414 ;0.1785 ;0.0696 ;0.0048 ;;0.0015 ;;0.0373 ;;;;;;;;0.0003 ;;0.0011 ;;;;;;0.0013 ;;0.0273 ;;;;;;;0.0094 ;;;;
1004;341;341;Lycksele 335;7166887;677056;Lycksele;Yes;Light;Opaque;Quartzite;Point preform;Preform;;Fine-grained;Granoblastic;Non-foliated;Conchoidal;Yes;;;19;50;;;950;Medium;;1.1934 ;5.3225 ;90.2421 ;0.7110 ;0.1372 ;0.9968 ;0.5823 ;0.5006 ;;0.0089 ;0.1617 ;0.0133 ;0.0044 ;;;;;;;;;;;;;;;0.0036 ;;0.0658 ;;;;;;;0.1016 ;;;;
1005;338;338;;7172386;663884;Lycksele;Yes;Dark;Gray;Quartzite;Point preform;Preform;;Medium-grained;Granoblastic;Non-foliated;Fine;Yes;;;43;106;9;49;4558;Large;0.0010 ;2.0052 ;4.4858 ;89.3786 ;0.3421 ;0.3958 ;0.9487 ;1.1821 ;0.2814 ;0.0032 ;0.0230 ;0.1327 ;0.0160 ;0.0040 ;;;;;;;;;;;;;;;;;0.1789 ;;;;;;;0.6214 ;;;;
1467;434;434;Lycksele 301;7168150;676423;Lycksele;Yes;Light;Opaque;Quartzite;Point;Point;;Fine-grained;Granoblastic;Non-foliated;Fine;Yes;;;15.9;26.7;;2.9;424,53;Small;0.0203 ;;5.7369 ;90.4345 ;0.4755 ;0.9538 ;1.2001 ;0.6038 ;0.1582 ;;0.0050 ;0.1798 ;0.0185 ;0.0029 ;;;;;;;;;;;;0.0020 ;;;;;;;;;;;;0.2087 ;;;;
1468;435;435;Lycksele 301;7168150;676423;Lycksele;Yes;Dark;Black;Quartzite;Point;Point;;Fine-grained;Granoblastic;Non-foliated;Fine;Yes;;;15;29.3;;2.5;439,5;Small;60.4070 ;;1.0042 ;36.9190 ;0.0497 ;0.0806 ;0.7124 ;0.3378 ;0.0334 ;;0.0029 ;;0.2699 ;;;;;0.0001 ;;0.0017 ;0.0003 ;;0.0028 ;;;;;;;;0.0053 ;;;;;;;0.0555 ;;;;
1469;436;436;Lycksele 301;7168150;676423;Lycksele;Yes;Dark;Dark gray;Quartzite;Point;Point;;Fine-grained;Granoblastic;Non-foliated;Fine;Yes;;Iron oxide;18.5;37.7;;4.1;697,45;Medium;0.0193 ;;4.1196 ;92.5462 ;0.2900 ;0.3068 ;1.2075 ;0.6627 ;0.1692 ;;0.0222 ;0.1886 ;0.0113 ;0.0025 ;;;;;;;;;;;;;;;;;0.1114 ;;;;;;;0.3426 ;;;;
1472;439;439;Lycksele 301;7168150;676423;Lycksele;No;Dark;Gray;Quartzite;Point;Point;;Fine-grained;Granoblastic;Non-foliated;Conchoidal;Yes;;;17;68;;9.9;1156;Medium;63.2989 ;;0.2699 ;35.9742 ;0.0144 ;0.0212 ;0.1907 ;0.1008 ;0.0068 ;;0.0021 ;;0.0265 ;;;;;;;0.0007 ;;;0.0139 ;;;;;;;;0.0207 ;;;;;;;0.0594 ;;;;
1473;440;440;Lycksele 301;7168150;676423;Lycksele;Yes;Dark;Gray;Quartzite;Point;Point;;Medium-grained;Granoblastic;Non-foliated;Fine;Yes;;;18.3;47.1;;5.9;861,93;Medium;54.8591 ;;0.2515 ;44.5412 ;0.0147 ;0.0370 ;0.1691 ;0.0770 ;0.0048 ;;0.0021 ;;0.0196 ;;;;;;;0.0004 ;0.0002 ;;0.0019 ;;;;;;;;0.0087 ;;;;;;;0.0126 ;;;;
1474;441;441;Lycksele 301;7168150;676423;Lycksele;Yes;Dark;Gray streaked with black;Quartzite;Point;Point;;Medium-grained;Granoblastic;Non-foliated;Fine;No;Bands of dark mineral;;20.8;35;;5.1;728;Medium;0.0095 ;;1.4937 ;94.6805 ;0.1746 ;0.2407 ;1.6233 ;0.5831 ;0.0523 ;;0.0172 ;0.2386 ;0.0064 ;0.0027 ;;;;;;;;;;;;;;;;;0.1098 ;;;;;;;0.7676 ;;;;
1475;442;442;Lycksele 301;7168150;676423;Lycksele;No;Dark;Black;Quartzite;Point;Point;;Fine-grained;Granoblastic;Non-foliated;Conchoidal;Yes;;Iron oxide;16;63;;;1008;Medium;0.0189 ;1.3719 ;2.1865 ;93.6910 ;;0.1158 ;0.8948 ;0.9190 ;0.0480 ;;0.0146 ;0.1966 ;0.0083 ;0.0019 ;;;;;;;;;;;;;;;;;0.1853 ;;;;;;;0.3474 ;;;;
1477;444;444;Lycksele 301;7168150;676423;Lycksele;Yes;Dark;Gray streaked with black;Quartzite;Point;Point;;Fine-grained;Granoblastic;Non-foliated;Fine;No;Bands of dark mineral;;16.8;35.6;;3.4;598,08;Small;0.0062 ;2.6664 ;2.2920 ;91.6000 ;0.2794 ;0.3096 ;1.0625 ;0.5347 ;0.0867 ;0.0041 ;0.0095 ;0.2298 ;0.0034 ;0.0013 ;;;;;;;;;;;;;;;;;0.1143 ;;;;;;;0.7999 ;;;;
1478;445;445;Lycksele 301;7168150;676423;Lycksele;No;Dark;Black streaked with white;Quartzite;Point;Point;;Fine-grained;Granoblastic;Non-foliated;Fine;No;;;20.1;19.7;;2.1;395,97;Small;;;22.2556 ;71.0591 ;0.3172 ;0.2982 ;2.7818 ;1.3464 ;0.9820 ;;0.0116 ;0.1822 ;0.0083 ;0.0018 ;;;;;;;;;;;;;;;0.0029 ;;0.0445 ;;;;;;;0.7536 ;;;;
1479;446;446;Lycksele 301;7168150;676423;Lycksele;Yes;Light;Opaque;Quartzite;Point;Point;;Fine-grained;Granoblastic;Non-foliated;Conchoidal;Yes;;;20.4;38.9;;5.6;793,56;Medium;0.0246 ;2.0948 ;2.2048 ;92.2005 ;0.1945 ;0.2820 ;1.5941 ;0.7836 ;0.0705 ;;0.0201 ;0.1953 ;0.0084 ;0.0028 ;;;;;;;;;;;;;;;0.0044 ;;0.1433 ;;;;;;;0.1741 ;;;;
1485;450;450;Lycksele 301;7168150;676423;Lycksele;No;Dark;Dark gray streaked with black;Quartzite;Point;Point;;Fine-grained;Granoblastic;Non-foliated;Fine;No;Bands of dark mineral;;17.7;51.6;;5.2;913,32;Medium;56.2721 ;0.3442 ;0.6767 ;42.0513 ;0.0403 ;0.0592 ;0.3115 ;0.1050 ;0.0268 ;;0.0027 ;;0.0837 ;;;;;;;;;;0.0025 ;;;;;;;;;;;;;;;0.0223 ;;;0.0001 ;
1486;451;451;Lycksele 301;7168150;676423;Lycksele;No;Dark;Dark gray;Quartzite;Point;Point;;Fine-grained;Granoblastic;Non-foliated;Fine;Yes;;;17;30.8;;3.5;523,6;Small;;;4.4556 ;89.6640 ;0.5600 ;0.5441 ;3.2085 ;0.8233 ;0.1680 ;;0.0339 ;0.1886 ;0.0095 ;0.0028 ;;;;;;;;;;;;;;;;;0.0469 ;;;;;;;0.3195 ;;;;
1487;452;452;Lycksele 301;7168150;676423;Lycksele;No;Translucent;Translucent;Quartzite;Point;Point;;Fine-grained;Granoblastic;Non-foliated;Fine;No;Bands of quartz;;14.2;19;;1.6;269,8;Small;0.0412 ;;3.3475 ;92.5278 ;0.2461 ;0.1297 ;2.4307 ;0.6725 ;0.0699 ;;0.0579 ;0.2504 ;0.0081 ;;;;;;;;;;;;;;;;0.0059 ;;0.1050 ;;;;;;;0.1073 ;;;;
1488;453;453;Lycksele 301;7168150;676423;Lycksele;No;Light;Opaque;Quartz;Point;Point;;Fine-grained;Granoblastic;Non-foliated;Fine;Yes;;;20.2;35.9;;5.5;725,18;Medium;56.0669 ;;0.7888 ;42.6822 ;;0.0209 ;0.2343 ;0.1351 ;0.0185 ;;0.0045 ;;0.0262 ;;;;;;;0.0001 ;;;0.0018 ;;;;;;0.0004 ;;;;;;;;;0.0202 ;;;;
1491;455;455;Lycksele 301;7168150;676423;Lycksele;Yes;Light;Opaque;Quartzite;Point;Point;;Fine-grained;Granoblastic;Non-foliated;Fine;Yes;;;15.4;28.4;;3.2;437,36;Small;57.7859 ;;0.8685 ;40.7427 ;0.0308 ;0.0623 ;0.2685 ;0.1023 ;0.0170 ;;0.0037 ;;0.0931 ;;;;;;;0.0001 ;;;;;;;;;;;0.0047 ;;;;;;;0.0205 ;;;;
1494;457;457;Lycksele 301;7168150;676423;Lycksele;No;White;White;Quartzite;Point;Point;;Fine-grained;Granoblastic;Non-foliated;Fine;Yes;;;20.5;32.5;;5.6;666,25;Medium;57.2219 ;;0.2392 ;42.0999 ;0.0133 ;0.0425 ;0.0852 ;0.0701 ;0.0074 ;;0.0035 ;;0.0473 ;;;;;;;0.0003 ;0.0001 ;;0.0033 ;;;;;;;;0.0126 ;;;;;;;0.0203 ;;;;
1495;458;458;Lycksele 301;7168150;676423;Lycksele;No;Dark;Gray streaked with white;Quartzite;Point;Point;;Fine-grained;Granoblastic;Non-foliated;Fine;No;;;15.1;46.3;;4.4;699,13;Medium;65.4032 ;;1.0133 ;32.6959 ;0.0193 ;0.0911 ;0.4527 ;0.1495 ;0.0339 ;;0.0034 ;;0.0999 ;;;0.0006 ;;;;;0.0041 ;;0.0015 ;;;;;;0.0008 ;;0.0143 ;;;;;;;0.0165 ;;;;
1496;459;459;Lycksele 301;7168150;676423;Lycksele;Yes;Dark;Black;Quartzite;Point;Point;;Fine-grained;Granoblastic;Non-foliated;Fine;No;;Iron oxide;18.2;33;;3.7;600,6;Medium;0.0263 ;;11.9623 ;78.9993 ;1.5602 ;1.0152 ;3.6846 ;1.6075 ;0.5232 ;;0.0152 ;0.2138 ;0.0085 ;0.0024 ;;;;;;;;;;;;;;;;;0.1568 ;;;;;;;0.2244 ;;;;
1497;460;460;Lycksele 301;7168150;676423;Lycksele;Yes;Dark;Black;Quartzite;Point;Point;;Fine-grained;Granoblastic;Non-foliated;Fine;No;;;16.3;31;;2.8;505,3;Small;65.4895 ;;1.6748 ;31.8243 ;0.0343 ;0.0933 ;0.5094 ;0.1975 ;0.0310 ;;0.0026 ;;0.1004 ;;;;;;;0.0004 ;0.0004 ;;0.0036 ;;;;;;0.0006 ;;0.0085 ;;;;;;;0.0295 ;;;;
1499;462;462;Lycksele 301;7168150;676423;Lycksele;Yes;Dark;Dark gray streaked with black;Quartzite;Point;Point;;Medium-grained;Granoblastic;Non-foliated;Fine;No;Bands of dark mineral;;16.6;38.6;;3.6;640,76;Medium;58.5915 ;0.3439 ;1.1572 ;39.0223 ;0.0307 ;0.0804 ;0.2871 ;0.1622 ;0.0140 ;;0.0028 ;;0.2809 ;;;;;;;0.0007 ;0.0001 ;;0.0023 ;;;;;;0.0006 ;;0.0059 ;;;;;;;0.0173 ;;;;
1500;463;463;Lycksele 301;7168150;676423;Lycksele;No;Light;Opaque;Quartzite;Point;Point;;Fine-grained;Granoblastic;Non-foliated;Conchoidal;Yes;;;15.8;45;;4.6;711;Medium;0.0272 ;;3.2930 ;92.8211 ;0.2631 ;0.3395 ;2.1071 ;0.6600 ;0.1463 ;;0.0192 ;0.1681 ;0.0075 ;;;;;;;;;;;;;;;;;;0.1055 ;;;;;;;0.0424 ;;;;
1501;464;464;Lycksele 301;7168150;676423;Lycksele;No;Dark;Gray;Quartzite;Point;Point;;Fine-grained;Granoblastic;Non-foliated;Fine;No;Bands of dark mineral;;20;30.3;;2.5;606;Medium;54.5472 ;0.2353 ;1.1406 ;43.5522 ;0.0252 ;0.0673 ;0.2114 ;0.0667 ;0.1000 ;;0.0047 ;;0.0353 ;;;;;;;;0.0046 ;;0.0002 ;;;0.0002 ;0.0002 ;0.0004 ;0.0004 ;0.0004 ;;;;;;;;0.0071 ;0.0004 ;;;
1502;465;465;Lycksele 301;7168150;676423;Lycksele;Yes;Light;Opaque;Quartzite;Point;Point;;Fine-grained;Granoblastic;Non-foliated;Fine;Yes;;Possibly iron oxide patina on half;20.6;45;;9.8;927;Medium;57.2169 ;0.2084 ;0.1180 ;42.1997 ;;0.0075 ;0.1559 ;0.0490 ;0.0087 ;;;;0.0151 ;;;;;;;;;;;;;;;;;;0.0146 ;;;;;;;0.0062 ;;;;
1503;466;466;Lycksele 301;7168150;676423;Lycksele;No;Dark;Gray;Quartzite;Point;Point;;Fine-grained;Granoblastic;Non-foliated;Fine;Yes;;;16.8;40;;4.9;672;Medium;0.0165 ;;2.8539 ;92.6587 ;0.1369 ;0.2899 ;2.0930 ;0.9773 ;0.1392 ;;0.0251 ;0.1822 ;0.0105 ;0.0025 ;;;;;;;;;;;;;;;;;0.2102 ;;;;;;;0.4041 ;;;;
1504;467;467;Lycksele 301;7168150;676423;Lycksele;Yes;White;White;Quartzite;Point;Point;;Fine-grained;Granoblastic;Non-foliated;Fine;Yes;;;18;27;;;486;Small;55.8847 ;;0.3110 ;43.3327 ;;0.0424 ;0.1470 ;0.0719 ;0.0090 ;;0.0006 ;;0.0314 ;;;;;;;0.0003 ;0.0001 ;;0.0047 ;;;;;;0.0007 ;;0.0146 ;;;;;;;0.0086 ;;;;
1506;469;469;Lycksele 301;7168150;676423;Lycksele;Yes;Light;Opaque;Quartz;Point;Point;;Fine-grained;Granoblastic;Non-foliated;Fine;Yes;Bands of quartz;;15.2;25.4;;2.2;386,08;Small;;;6.6898 ;88.7872 ;0.2364 ;0.4040 ;1.4106 ;1.2468 ;0.3328 ;;0.0349 ;0.3390 ;;0.0023 ;;;;;;;;;;;;;;;;;0.0924 ;;;;;;;0.4775 ;;;;
1508;471;471;Lycksele 301;7168150;676423;Lycksele;Yes;Dark;Gray;Quartzite;Point;Point;;Medium-grained;Granoblastic;Non-foliated;Fine;No;Bands of quartz;;15.8;37.4;;4.9;590,92;Small;56.8903 ;;0.6878 ;41.5625 ;0.0402 ;0.0321 ;0.1105 ;0.0676 ;0.0183 ;;0.0040 ;;0.4322 ;;;;;0.0001 ;;;0.0008 ;0.0012 ;0.0451 ;;;;;;;;0.0110 ;;;;;;;0.0961 ;;;0.0005 ;
1512;475;475;Lycksele 301;7168150;676423;Lycksele;No;White;White;Quartz;Point;Point;;Fine-grained;Granoblastic;Non-foliated;Fine;Yes;;;16;28;;;448;Small;57.1689 ;0.3753 ;0.2728 ;41.7751 ;0.0128 ;0.0186 ;0.2552 ;0.0879 ;0.0120 ;0.0042 ;0.0073 ;;0.0063 ;;;;;;;;;;;;;;;;0.0005 ;;0.0030 ;;;;;;;;;;;
1513;476;476;Lycksele 301;7168150;676423;Lycksele;No;Dark;Dark gray;Quartzite;Point;Point;;Fine-grained;Granoblastic;Non-foliated;Fine;Yes;;;14;35;;;490;Small;66.5905 ;;0.0929 ;32.8840 ;;0.0111 ;0.2068 ;0.0928 ;0.0124 ;;;;0.0616 ;;;;;;;;;;0.0020 ;;;;;;0.0009 ;;0.0190 ;;;;;;;0.0260 ;;;;
1514;477;477;Lycksele 301;7168150;676423;Lycksele;No;Dark;Gray;Quartzite;Point;Point;;Fine-grained;Granoblastic;Non-foliated;Fine;Yes;;;17.5;39.9;;5.6;698,25;Medium;;1.6947 ;1.1310 ;94.5776 ;0.0986 ;0.2222 ;1.3701 ;0.3247 ;0.0825 ;;0.0077 ;0.1849 ;0.0135 ;0.0010 ;;;;;;;;;;;;;;;;;0.0881 ;;;;;;;0.2724 ;;;;
1516;479;479;Lycksele 301;7168150;676423;Lycksele;Yes;Light;Light gray;Quartzite;Point;Point;;Fine-grained;Granoblastic;Non-foliated;Fine;Yes;;;17;21.8;;2.3;370,6;Small;58.6205 ;;0.8277 ;39.8699 ;0.0496 ;0.0672 ;0.2498 ;0.1060 ;0.0431 ;;0.0033 ;;0.0879 ;;;;;;;0.0001 ;0.0019 ;;0.0002 ;;;;;;;;0.0034 ;;;;;;;0.0135 ;;;;
1517;480;480;Lycksele 301;7168150;676423;Lycksele;No;Dark;Black;Quartzite;Point;Point;;Fine-grained;Granoblastic;Non-foliated;Fine;Yes;;;20;24;;;480;Small;55.8581 ;0.3605 ;0.2801 ;42.9112 ;0.0313 ;0.0621 ;0.2082 ;0.1566 ;0.0090 ;;0.0026 ;;0.0478 ;;;;;0.0001 ;;0.0010 ;0.0002 ;;0.0075 ;;;;;;;;0.0341 ;;;;;;;0.0296 ;;;;
1519;481;481;Lycksele 301;7168150;676423;Lycksele;No;Dark;Black;Quartzite;Point;Point;;Fine-grained;Granoblastic;Non-foliated;Fine;Yes;;;16.7;50.3;;5.3;840,01;Medium;0.0005 ;1.9631 ;7.2105 ;82.6606 ;0.1947 ;0.2957 ;2.1158 ;4.0488 ;0.1461 ;0.0065 ;0.0229 ;0.1812 ;0.0097 ;0.0019 ;;;;;;;;;;;;;;;;;0.3048 ;;;;;;;0.8370 ;;;;
1520;482;482;Lycksele 301;7168150;676423;Lycksele;Yes;Dark;Black streaked with white;Quartzite;Point;Point;;Medium-grained;Granoblastic;Non-foliated;Fine;No;;;19.6;38.3;;3.9;750,68;Medium;60.4362 ;;4.7541 ;33.5470 ;0.0329 ;0.0621 ;0.1979 ;0.1376 ;0.2000 ;;0.0025 ;;0.4536 ;;;;0.0018 ;0.0003 ;;;0.0064 ;0.0040 ;0.0171 ;;;;;;0.0008 ;;0.0102 ;;;;;;;0.0655 ;;;0.0003 ;
1522;484;484;Lycksele 301;7168150;676423;Lycksele;Yes;Light;Opaque;Quartzite;Point;Point;;Fine-grained;Granoblastic;Non-foliated;Irregular;Yes;;;21;33;;10.9;693;Medium;57.6579 ;;0.1647 ;41.6501 ;;;0.2015 ;0.1286 ;0.0242 ;;;;0.0342 ;;;;;;;0.0001 ;;;;;;;;;;;0.0173 ;;;;;;;0.0245 ;;;;
1523;485;485;Lycksele 301;7168150;676423;Lycksele;Yes;White;White;Quartzite;Point;Point;;Fine-grained;Granoblastic;Non-foliated;Fine;Yes;;Pink color and possibly charcoal and iron oxide;20.8;43.6;;8;906,88;Medium;57.4038 ;0.2941 ;0.5723 ;41.3548 ;0.0146 ;0.0403 ;0.0789 ;0.1156 ;0.0438 ;0.0012 ;0.0058 ;;0.0343 ;;;;;;;;;;;;;;;;;;0.0085 ;;;;;;;0.0318 ;;;;
1524;486;486;Lycksele 301;7168150;676423;Lycksele;Yes;Dark;Black;Quartzite;Arrow point;Point;;Fine-grained;Granoblastic;Non-foliated;Fine;No;Mineral grains;;16.8;35.7;;3.4;599,76;Small;55.7360 ;;0.3905 ;43.0607 ;0.0539 ;0.0413 ;0.2536 ;0.0986 ;0.0214 ;;0.0031 ;;0.2599 ;;;;;;;;0.0008 ;;0.0092 ;;;;;;;;0.0049 ;;;;;;;0.0662 ;;;;
1525;487;487;Lycksele 301;7168150;676423;Lycksele;No;Light;Opaque;Quartzite;Point;Point;;Fine-grained;Granoblastic;Non-foliated;Fine;Yes;;;19.6;41.3;;4.1;809,48;Medium;57.5357 ;0.2426 ;0.1324 ;41.7178 ;0.0140 ;0.0601 ;0.1850 ;0.0588 ;0.0071 ;;0.0063 ;;0.0238 ;;;;;;;;;;;;;;;;0.0004 ;;0.0044 ;;;;;;;0.0116 ;;;;
1526;488;488;Lycksele 301;7168150;676423;Lycksele;Yes;Dark;Black;Quartzite;Arrow point;Point;;Medium-grained;Granoblastic;Non-foliated;Fine;Yes;;;16.2;55.7;;6.2;902,34;Medium;0.0297 ;;2.8122 ;84.4100 ;;0.0727 ;0.8766 ;1.4469 ;0.0429 ;0.0071 ;0.0164 ;0.2128 ;;0.0025 ;;;;;;;;;;;;;;;;;9.9054 ;;;;;;;0.1647 ;;;;
1527;489;489;Lycksele 301;7168150;676423;Lycksele;Yes;Dark;Black;Quartzite;Point;Point;;Medium-grained;Granoblastic;Non-foliated;Fine;No;Mineral grains;;18.8;53.2;;7.3;1000,16;Medium;56.0967 ;;0.3183 ;42.7581 ;0.0280 ;0.0466 ;0.2452 ;0.1338 ;0.0197 ;0.0009 ;0.0036 ;;0.0541 ;;;;;0.0002 ;;0.0004 ;0.0004 ;0.0009 ;0.0448 ;;;;;;;;0.0198 ;;;;;;;0.1644 ;;;0.0005 ;
1528;490;490;Lycksele 301;7168150;676423;Lycksele;No;White;White;Quartzite;Arrow point;Point;;Fine-grained;Granoblastic;Non-foliated;Fine;Yes;;;16.5;39.7;;4.2;655,05;Medium;58.0904 ;;0.0984 ;41.5544 ;0.0096 ;0.0260 ;0.1529 ;0.0470 ;0.0067 ;;0.0038 ;;0.0056 ;;;;;;;;;;;;;;;;;;;;;;;;;0.0032 ;;;;
1055;358;358;Taerna 20;7323716;495553;Taerna;No;Light;Gray;Quartzite;Point;Point;;Fine-grained;Granoblastic;Non-foliated;Fine;Yes;;;15;41;6;4;615;Medium;0.0094 ;;1.5347 ;94.8464 ;0.2383 ;0.2868 ;0.9735 ;1.0419 ;0.1200 ;;0.0277 ;0.1811 ;0.0089 ;0.0026 ;;;;;;;;;;;;;;;;;0.1335 ;;;;;;;0.5950 ;;;;
1058;361;361;;7285986;509493;Taerna;Yes;Dark;Black;Quartzite;Spear point;Point;;Medium-grained;Granoblastic;Non-foliated;Conchoidal;Yes;;;35;78;16;36;2730;Large;55.1106 ;;0.4731 ;43.7809 ;0.0183 ;0.0435 ;0.1401 ;0.1169 ;0.0143 ;;0.0043 ;;0.0823 ;;;;;;;0.0002 ;0.0001 ;;0.0119 ;;;;;;0.0006 ;;0.0123 ;;;;;;;0.0529 ;;;;
1059;362;362;;7285986;509493;Taerna;No;Dark;Gray;Quartzite;Arrow point;Point;;Fine-grained;Granoblastic;Non-foliated;Fine;No;Bands of quartz;;18;50;16;9;900;Medium;0.0235 ;1.1076 ;2.4017 ;93.2319 ;0.1470 ;0.1936 ;1.2280 ;0.8988 ;0.2472 ;;0.0204 ;0.1745 ;0.0119 ;0.0028 ;;;;;;;;;;;;;;;;;0.1404 ;;;;;;;0.1706 ;;;;
1060;363;363;Taerna 33;7316850;502441;Taerna;No;Dark;Black;Quartzite;Arrow point;Point;Stod sample 364 i xrf sample name;Fine-grained;Granoblastic;Non-foliated;Fine;Yes;;;19;55;16;7;1045;Medium;54.9011 ;;0.4838 ;44.2258 ;0.0178 ;0.0501 ;0.0668 ;0.0588 ;0.0152 ;0.0007 ;0.0026 ;;0.0475 ;;;;;;;;0.0009 ;0.0003 ;0.0247 ;;;;;;;;0.0057 ;;;;;;;0.0978 ;;;0.0004 ;
1410;379_1;379;;7285986;509493;Taerna;No;Light;White streaked with black;Quartzite;Point preform;Preform;White part;Fine-grained;Granoblastic;Foliated;Smooth;No;Bands of dark mineral;;19;45;9;5;855;Medium;57.3590 ;;0.3177 ;41.8799 ;0.0330 ;0.0405 ;0.1446 ;0.0728 ;0.0093 ;0.0006 ;;;0.0146 ;;;;;;;;0.0001 ;;0.0013 ;;;;;;;;0.0099 ;;;;;;;0.0056 ;;;;
1411;379_2;379;;7285986;509493;Taerna;No;Light;White streaked with black;Quartzite;Point preform;Preform;Black part;Fine-grained;Granoblastic;Foliated;Smooth;No;Bands of dark mineral;;19;45;9;5;855;Medium;56.6955 ;;0.2849 ;42.7545 ;0.0306 ;0.0175 ;0.1228 ;0.0591 ;0.0087 ;;;;0.0168 ;;;;;;;;;;;;;;;;;;0.0048 ;;;;;;;0.0048 ;;;;
1412;380;380;Taerna 20;7323716;495553;Taerna;Yes;Light;Red;Quartzite;Point preform;Preform;;Medium-grained;Granoblastic;Non-foliated;Fine;Yes;;;34;37;8;8;1258;Medium;58.5907 ;;1.3803 ;39.3160 ;0.0593 ;0.0583 ;0.1098 ;0.2412 ;0.1133 ;;0.0033 ;;0.0825 ;;;;0.0025 ;;;0.0003 ;;;0.0025 ;;;;;;;;0.0050 ;;;;;;;0.0351 ;;;;
1534;491;491;Skellefteaa 123;7196682;755062;Skellefteaa;Yes;Dark;Black;Quartzite;Point preform;Preform;Sample point on lighter side;Medium-grained;Granoblastic;Non-foliated;Conchoidal;Yes;;;67;99;23;158;6633;Large;0.0107 ;0.9289 ;24.9950 ;66.0569 ;0.1877 ;0.1861 ;0.6373 ;4.8743 ;1.3026 ;;0.0147 ;0.1530 ;0.0101 ;0.0036 ;;;;;;;;;;;;;;;0.0066 ;;0.3225 ;;;;;;;0.3101 ;;;;
1535;491;491;Skellefteaa 124;7196682;755062;Skellefteaa;Yes;Dark;Black;Quartzite;Point preform;Preform;Sample point on darker side;Medium-grained;Granoblastic;Non-foliated;Conchoidal;Yes;;;67;99;23;158;6633;Large;0.0107 ;0.9289 ;24.9950 ;66.0569 ;0.1877 ;0.1861 ;0.6373 ;4.8743 ;1.3026 ;;0.0147 ;0.1530 ;0.0101 ;0.0036 ;;;;;;;;;;;;;;;0.0066 ;;0.3225 ;;;;;;;0.3101 ;;;;
1536;491;491;Skellefteaa 125;7196682;755062;Skellefteaa;Yes;Dark;Black;Quartzite;Point preform;Preform;Sample point on lighter side;Medium-grained;Granoblastic;Non-foliated;Conchoidal;Yes;;;67;99;23;158;6633;Large;0.0107 ;0.9289 ;24.9950 ;66.0569 ;0.1877 ;0.1861 ;0.6373 ;4.8743 ;1.3026 ;;0.0147 ;0.1530 ;0.0101 ;0.0036 ;;;;;;;;;;;;;;;0.0066 ;;0.3225 ;;;;;;;0.3101 ;;;;
1537;491;491;Skellefteaa 126;7196682;755062;Skellefteaa;Yes;Dark;Black;Quartzite;Point preform;Preform;Sample point on darker side;Medium-grained;Granoblastic;Non-foliated;Conchoidal;Yes;;;67;99;23;158;6633;Large;0.0107 ;0.9289 ;24.9950 ;66.0569 ;0.1877 ;0.1861 ;0.6373 ;4.8743 ;1.3026 ;;0.0147 ;0.1530 ;0.0101 ;0.0036 ;;;;;;;;;;;;;;;0.0066 ;;0.3225 ;;;;;;;0.3101 ;;;;
1539;492;492;Skellefteaa 127;7196682;755062;Skellefteaa;Yes;Dark;Black;Quartzite;Point preform;Preform;Sample point on lighter side;Medium-grained;Granoblastic;Non-foliated;Conchoidal;Yes;;;49;102;20;86;4998;Large;58.8051 ;;5.8767 ;31.2545 ;0.0331 ;0.0369 ;0.0211 ;1.5558 ;0.2833 ;0.0008 ;0.0041 ;0.0302 ;1.7447 ;;;;0.0077 ;;;0.0125 ;0.0055 ;0.0037 ;0.0470 ;0.0013 ;;;;;0.0013 ;;0.0634 ;;;;;;;0.1002 ;0.0016 ;;0.0010 ;0.0004 
1540;492;492;Skellefteaa 128;7196682;755062;Skellefteaa;Yes;Dark;Black;Quartzite;Point preform;Preform;Sample point on dark patina rich side;Medium-grained;Granoblastic;Non-foliated;Conchoidal;Yes;;;49;102;20;86;4998;Large;58.8051 ;;5.8767 ;31.2545 ;0.0331 ;0.0369 ;0.0211 ;1.5558 ;0.2833 ;0.0008 ;0.0041 ;0.0302 ;1.7447 ;;;;0.0077 ;;;0.0125 ;0.0055 ;0.0037 ;0.0470 ;0.0013 ;;;;;0.0013 ;;0.0634 ;;;;;;;0.1002 ;0.0016 ;;0.0010 ;0.0004 
1541;493;493;Skellefteaa 129;7196682;755062;Skellefteaa;Yes;Dark;Black;Quartzite;Point preform;Preform;Sample point on lighter side;Medium-grained;Granoblastic;Non-foliated;Conchoidal;Yes;;;74;122;27;192;9028;Large;55.8816 ;;5.3838 ;34.3044 ;0.0246 ;0.0274 ;;2.7261 ;0.2465 ;0.0011 ;0.0045 ;0.0205 ;1.1575 ;;;;0.0072 ;;;0.0124 ;0.0050 ;0.0026 ;0.0358 ;0.0008 ;;;;;0.0014 ;;0.0702 ;;;;;;;0.0770 ;0.0010 ;;0.0008 ;0.0004 
1542;493;493;Skellefteaa 130;7196682;755062;Skellefteaa;Yes;Dark;Black;Quartzite;Point preform;Preform;Sample point on darker patina rich side;Medium-grained;Granoblastic;Non-foliated;Conchoidal;Yes;;;74;122;27;192;9028;Large;55.8816 ;;5.3838 ;34.3044 ;0.0246 ;0.0274 ;;2.7261 ;0.2465 ;0.0011 ;0.0045 ;0.0205 ;1.1575 ;;;;0.0072 ;;;0.0124 ;0.0050 ;0.0026 ;0.0358 ;0.0008 ;;;;;0.0014 ;;0.0702 ;;;;;;;0.0770 ;0.0010 ;;0.0008 ;0.0004 
1543;494;494;Skellefteaa 131;7196682;755062;Skellefteaa;Yes;Dark;Black;Quartzite;Point preform;Preform;Sample point on lighter side;Medium-grained;Granoblastic;Non-foliated;Conchoidal;Yes;;;85;109;38;256;9265;Large;63.0865 ;;5.1443 ;26.4025 ;0.0311 ;0.0605 ;;3.2599 ;0.2845 ;;0.0022 ;0.0231 ;1.3532 ;;;;0.0041 ;;;0.0145 ;0.0078 ;0.0031 ;0.0383 ;0.0009 ;;;;;0.0016 ;;0.0731 ;;;;;;;0.1162 ;0.0012 ;;0.0007 ;
1544;494;494;Skellefteaa 132;7196682;755062;Skellefteaa;Yes;Dark;Black;Quartzite;Point preform;Preform;Sample point on flatter darker patina rich side;Medium-grained;Granoblastic;Non-foliated;Conchoidal;Yes;;;85;109;38;256;9265;Large;63.0865 ;;5.1443 ;26.4025 ;0.0311 ;0.0605 ;;3.2599 ;0.2845 ;;0.0022 ;0.0231 ;1.3532 ;;;;0.0041 ;;;0.0145 ;0.0078 ;0.0031 ;0.0383 ;0.0009 ;;;;;0.0016 ;;0.0731 ;;;;;;;0.1162 ;0.0012 ;;0.0007 ;
1545;495;495;Skellefteaa 133;7196682;755062;Skellefteaa;Yes;Dark;Black;Quartzite;Point preform;Preform;Sample point on side with less patina;Medium-grained;Granoblastic;Non-foliated;Conchoidal;Yes;;;59;68;24;84;4012;Large;60.2901 ;;6.6550 ;30.8036 ;0.0312 ;0.0501 ;0.0507 ;0.4358 ;0.2762 ;0.0006 ;0.0042 ;0.0155 ;1.1178 ;;;;0.0061 ;;;0.0077 ;0.0040 ;0.0038 ;0.0384 ;0.0008 ;;;;;0.0015 ;;0.0235 ;;;;;;;0.0737 ;0.0006 ;;0.0012 ;0.0003 
1546;495;495;Skellefteaa 134;7196682;755062;Skellefteaa;Yes;Dark;Black;Quartzite;Point preform;Preform;Sample point on patina rich side;Medium-grained;Granoblastic;Non-foliated;Conchoidal;Yes;;;59;68;24;84;4012;Large;60.2901 ;;6.6550 ;30.8036 ;0.0312 ;0.0501 ;0.0507 ;0.4358 ;0.2762 ;0.0006 ;0.0042 ;0.0155 ;1.1178 ;;;;0.0061 ;;;0.0077 ;0.0040 ;0.0038 ;0.0384 ;0.0008 ;;;;;0.0015 ;;0.0235 ;;;;;;;0.0737 ;0.0006 ;;0.0012 ;0.0003 
1547;496;496;Bureaa 252:1;7180835;787001;Bureaa;No;Light;Opaque streaked with black;Quartz;Point;Point;Sample point on side without inv. nr. marking;Fine-grained;Granoblastic;Non-foliated;Fine;No;Dark mineral inclusion;;14;21;8;;294;Small;59.7760 ;;0.1445 ;39.8422 ;;0.0194 ;;0.1220 ;0.0139 ;;0.0048 ;;0.0105 ;;;;;;;0.0003 ;;;0.0051 ;;;;;;;;0.0122 ;;;;;;;0.0055 ;;;;
1548;496;496;Bureaa 252:1;7180835;787001;Bureaa;No;Light;Opaque streaked with black;Quartz;Point;Point;Sample point on side with inv. nr. marking;Fine-grained;Granoblastic;Non-foliated;Fine;No;Dark mineral inclusion;;14;21;8;;294;Small;59.7760 ;;0.1445 ;39.8422 ;;0.0194 ;;0.1220 ;0.0139 ;;0.0048 ;;0.0105 ;;;;;;;0.0003 ;;;0.0051 ;;;;;;;;0.0122 ;;;;;;;0.0055 ;;;;
1549;497;497;Bureaa 252:1;7180835;787001;Bureaa;No;Dark;Black;Quartzite;Point;Point;Sample point on side without inv. nr. marking;Medium-grained;Granoblastic;Non-foliated;Conchoidal;Yes;;;26;53;11;;1378;Medium;56.3427 ;0.2272 ;0.5201 ;42.5006 ;0.0254 ;0.0178 ;0.0661 ;0.1960 ;0.0206 ;;0.0042 ;;0.0227 ;;;;;;;0.0010 ;0.0002 ;;0.0026 ;;;;;;;;0.0133 ;;;;;;;0.0396 ;;;;
1550;497;497;Bureaa 252:1;7180835;787001;Bureaa;No;Dark;Black;Quartzite;Point;Point;Sample point on side with inv. nr. marking;Medium-grained;Granoblastic;Non-foliated;Conchoidal;Yes;;;26;53;11;;1378;Medium;56.3427 ;0.2272 ;0.5201 ;42.5006 ;0.0254 ;0.0178 ;0.0661 ;0.1960 ;0.0206 ;;0.0042 ;;0.0227 ;;;;;;;0.0010 ;0.0002 ;;0.0026 ;;;;;;;;0.0133 ;;;;;;;0.0396 ;;;;
1551;498;498;Bureaa 252:1;7180835;787001;Bureaa;No;Light;Opaque;Quartz;Point;Point;Sample point on side without inv. nr. marking;Fine-grained;Granoblastic;Non-foliated;Fine;Yes;;;16;31;6;;496;Small;57.2763 ;;0.4176 ;41.9394 ;0.0364 ;0.0437 ;0.0859 ;0.0887 ;0.0311 ;0.0007 ;0.0018 ;;0.0223 ;;;;;;;;;;;;;;;;;;0.0062 ;;;;;;;0.0061 ;;;;
1552;498;498;Bureaa 252:1;7180835;787001;Bureaa;No;Light;Opaque;Quartz;Point;Point;Sample point on side with inv. nr. marking;Fine-grained;Granoblastic;Non-foliated;Fine;Yes;;;16;31;6;;496;Small;57.2763 ;;0.4176 ;41.9394 ;0.0364 ;0.0437 ;0.0859 ;0.0887 ;0.0311 ;0.0007 ;0.0018 ;;0.0223 ;;;;;;;;;;;;;;;;;;0.0062 ;;;;;;;0.0061 ;;;;
1553;499;499;Bureaa 252:1;7180835;787001;Bureaa;No;Dark;Black;Quartzite;Point;Point;Sample point on side without inv. nr. marking;Medium-grained;Granoblastic;Non-foliated;Conchoidal;No;Dark mineral inclusion;;29;60;12;;1740;Medium;58.6186 ;0.3003 ;0.7512 ;39.7750 ;0.0212 ;0.0145 ;0.0225 ;0.3768 ;0.0321 ;0.0016 ;;;0.0457 ;;;;;;;0.0014 ;0.0003 ;;0.0040 ;;;;;;0.0007 ;;0.0152 ;;;;;;;0.0188 ;;;;
1554;499;499;Bureaa 252:1;7180835;787001;Bureaa;No;Dark;Black;Quartzite;Point;Point;Sample point on side with inv. nr. marking;Medium-grained;Granoblastic;Non-foliated;Conchoidal;No;Dark mineral inclusion;;29;60;12;;1740;Medium;58.6186 ;0.3003 ;0.7512 ;39.7750 ;0.0212 ;0.0145 ;0.0225 ;0.3768 ;0.0321 ;0.0016 ;;;0.0457 ;;;;;;;0.0014 ;0.0003 ;;0.0040 ;;;;;;0.0007 ;;0.0152 ;;;;;;;0.0188 ;;;;
1555;500;500;Bureaa 252:1;7180835;787001;Bureaa;No;Dark;Dark gray streaked with black;Quartz;Point;Point;Sample point on side without inv. nr. marking;Fine-grained;Granoblastic;Foliated;Fine;No;Either quartz bands in dark quartzite or dark inclusion in quartz;;19;39;5;;741;Medium;54.5249 ;0.2765 ;0.4345 ;44.2128 ;0.0293 ;0.0560 ;0.1454 ;0.1436 ;0.0346 ;;0.0029 ;;0.0293 ;;;;;;;0.0007 ;0.0003 ;0.0002 ;0.0164 ;;;;;;;;0.0044 ;;;;;;;0.0883 ;;;0.0002 ;
1556;500;500;Bureaa 252:1;7180835;787001;Bureaa;No;Dark;Dark gray streaked with black;Quartz;Point;Point;Sample point on inv.nr. marking;Fine-grained;Granoblastic;Foliated;Fine;No;Either quartz bands in dark quartzite or dark inclusion in quartz;;19;39;5;;741;Medium;54.5249 ;0.2765 ;0.4345 ;44.2128 ;0.0293 ;0.0560 ;0.1454 ;0.1436 ;0.0346 ;;0.0029 ;;0.0293 ;;;;;;;0.0007 ;0.0003 ;0.0002 ;0.0164 ;;;;;;;;0.0044 ;;;;;;;0.0883 ;;;0.0002 ;
1557;501;501;Norsjoe 99:2;7220374;705471;Norsjoe;No;White;Opaque;Felsitic porphyric quartz;Arrow point;Point;Sample point on side without inv. nr. marking;Fine-grained;Granoblastic;Foliated;Fine;No;Bands of quartz;;18;48;11;;864;Medium;55.6489 ;0.2324 ;0.1116 ;43.7783 ;;0.0119 ;0.1255 ;0.0556 ;0.0117 ;0.0011 ;;;0.0056 ;;;;;;;;;;;;;;;;0.0006 ;;0.0126 ;;;;;;;0.0041 ;;;;
1558;501;501;Norsjoe 99:2;7220374;705471;Norsjoe;No;White;Opaque;Felsitic porphyric quartz;Arrow point;Point;Sample point on side with inv. nr. marking;Fine-grained;Granoblastic;Foliated;Fine;No;Bands of quartz;;18;48;11;;864;Medium;55.6489 ;0.2324 ;0.1116 ;43.7783 ;;0.0119 ;0.1255 ;0.0556 ;0.0117 ;0.0011 ;;;0.0056 ;;;;;;;;;;;;;;;;0.0006 ;;0.0126 ;;;;;;;0.0041 ;;;;
1559;502;502;Norsjoe 99:2;7220374;705471;Norsjoe;No;Dark;Gray;Felsitic porphyric quartz;Point preform;Preform;Sample point on side without inv. nr. marking;Fine-grained;Granoblastic;Non-foliated;Fine;No;White streaks;;16;55;7;;880;Medium;56.0318 ;;0.1880 ;43.4160 ;;0.0487 ;0.1310 ;0.0802 ;0.0355 ;;0.0314 ;;0.0150 ;;;;;0.0001 ;;;;;;;;;;;;;0.0064 ;;;;;;;0.0081 ;;;;
1560;502;502;Norsjoe 99:2;7220374;705471;Norsjoe;No;Dark;Gray;Felsitic porphyric quartz;Point preform;Preform;Sample point on inv.nr. marking;Fine-grained;Granoblastic;Non-foliated;Fine;No;White streaks;;16;55;7;;880;Medium;56.0318 ;;0.1880 ;43.4160 ;;0.0487 ;0.1310 ;0.0802 ;0.0355 ;;0.0314 ;;0.0150 ;;;;;0.0001 ;;;;;;;;;;;;;0.0064 ;;;;;;;0.0081 ;;;;
1561;503;503;Norsjoe 99:2;7220374;705471;Norsjoe;No;Dark;Gray;Felsitic porphyric quartz;Point preform;Preform;Bad measurement;Fine-grained;Granoblastic;Non-foliated;Fine;Yes;;;17;34;5;;578;Small;0.0129 ;1.9498 ;19.5493 ;72.6744 ;0.1493 ;0.4635 ;0.9766 ;2.1010 ;1.3817 ;;0.0077 ;0.1693 ;;0.0023 ;;;;;;;;;;;;;;;;;0.2040 ;;;;;;;0.3583 ;;;;
1562;503;503;Norsjoe 99:2;7220374;705471;Norsjoe;No;Dark;Gray;Felsitic porphyric quartz;Point preform;Preform;Sample point on side without inv. nr. marking;Fine-grained;Granoblastic;Non-foliated;Fine;Yes;;;17;34;5;;578;Small;0.0129 ;1.9498 ;19.5493 ;72.6744 ;0.1493 ;0.4635 ;0.9766 ;2.1010 ;1.3817 ;;0.0077 ;0.1693 ;;0.0023 ;;;;;;;;;;;;;;;;;0.2040 ;;;;;;;0.3583 ;;;;
1563;503;503;Norsjoe 99:2;7220374;705471;Norsjoe;No;Dark;Gray;Felsitic porphyric quartz;Point preform;Preform;Sample point on side with inv. nr. marking;Fine-grained;Granoblastic;Non-foliated;Fine;Yes;;;17;34;5;;578;Small;0.0129 ;1.9498 ;19.5493 ;72.6744 ;0.1493 ;0.4635 ;0.9766 ;2.1010 ;1.3817 ;;0.0077 ;0.1693 ;;0.0023 ;;;;;;;;;;;;;;;;;0.2040 ;;;;;;;0.3583 ;;;;
1564;504;504;Norsjoe 99:2;7220374;705471;Norsjoe;No;Light;Light gray;Felsitic porphyric quartz;Point;Point;Sample point on side without inv. nr. marking;Fine-grained;Granoblastic;Non-foliated;Conchoidal;Yes;;;37;73;10;;2701;Large;59.3741 ;;4.9064 ;34.8572 ;0.0176 ;0.1142 ;0.1193 ;0.1204 ;0.2850 ;;0.0024 ;;0.1219 ;;;;0.0006 ;0.0003 ;;;0.0083 ;0.0011 ;0.0142 ;;;;;;0.0006 ;;;;;;;;;0.0562 ;;;0.0003 ;
1565;504;504;Norsjoe 99:2;7220374;705471;Norsjoe;No;Light;Light gray;Felsitic porphyric quartz;Point;Point;Sample point on side with inv. nr. marking;Fine-grained;Granoblastic;Non-foliated;Conchoidal;Yes;;;37;73;10;;2701;Large;59.3741 ;;4.9064 ;34.8572 ;0.0176 ;0.1142 ;0.1193 ;0.1204 ;0.2850 ;;0.0024 ;;0.1219 ;;;;0.0006 ;0.0003 ;;;0.0083 ;0.0011 ;0.0142 ;;;;;;0.0006 ;;;;;;;;;0.0562 ;;;0.0003 ;
1566;505;505;Norsjoe 99:2;7220374;705471;Norsjoe;No;White;White;Quartz;Arrow point;Point;Sample point near base on lighter side (tip glued);Fine-grained;Granoblastic;Non-foliated;Fine;Yes;;;15;25;6;;375;Small;60.6134 ;;6.1944 ;32.4348 ;0.0197 ;0.0682 ;0.0153 ;0.1140 ;0.2731 ;0.0017 ;0.0045 ;;0.1577 ;;;;0.0005 ;;;;0.0060 ;0.0017 ;0.0097 ;;;;;;0.0006 ;;0.0150 ;;;;;;;0.0699 ;;;;
1567;505;505;Norsjoe 99:2;7220374;705471;Norsjoe;No;White;White;Quartz;Arrow point;Point;Sample point near base on darker side (tip glued);Fine-grained;Granoblastic;Non-foliated;Fine;Yes;;;15;25;6;;375;Small;60.6134 ;;6.1944 ;32.4348 ;0.0197 ;0.0682 ;0.0153 ;0.1140 ;0.2731 ;0.0017 ;0.0045 ;;0.1577 ;;;;0.0005 ;;;;0.0060 ;0.0017 ;0.0097 ;;;;;;0.0006 ;;0.0150 ;;;;;;;0.0699 ;;;;
